id,work_id,composite_score,risk_level,price_score,price_weight,iqr_score,iqr_weight,benford_score,benford_weight,hhi_score,hhi_weight,photo_score,photo_weight,price_evidence,iqr_evidence,benford_evidence,hhi_evidence,photo_evidence,explanation_summary,created_at
1,1,83.0,HIGH,91.0,0.3,84.0,0.2,61.0,0.15,78.0,0.15,88.0,0.2,"{""score"": 91.0, ""items_analyzed"": 3, ""avg_variance_pct"": 30.3, ""high_variance_items"": 3, ""evidence_table"": [{""item_name"": ""LED Street Light (100W)"", ""reported_price"": 18500.0, ""gem_reference_price"": 11200.0, ""quantity"": 10.0, ""unit"": ""Each"", ""absolute_difference"": 7300.0, ""variance_pct"": 65.2, ""match_confidence"": 100.0, ""risk_badge"": ""High""}, {""item_name"": ""Cement (Grade 53)"", ""reported_price"": 490.0, ""gem_reference_price"": 380.0, ""quantity"": 1500.0, ""unit"": ""Bag (50kg)"", ""absolute_difference"": 110.0, ""variance_pct"": 28.9, ""match_confidence"": 100.0, ""risk_badge"": ""Moderate""}, {""item_name"": ""Steel (TMT Bar)"", ""reported_price"": 72000.0, ""gem_reference_price"": 58000.0, ""quantity"": 12.0, ""unit"": ""Metric Ton"", ""absolute_difference"": 14000.0, ""variance_pct"": 24.1, ""match_confidence"": 100.0, ""risk_badge"": ""Moderate""}], ""explanation"": ""3 item(s) exhibit price variances above GeM benchmark (+30.3% avg variance). Requires review for local transport, specifications, or tax variations.""}","{""score"": 84.0, ""observed_value"": 2150000.0, ""median"": 967500.0, ""q1"": 685250.0, ""q3"": 1828250.0, ""iqr"": 1143000.0, ""lower_bound"": 0.0, ""upper_bound"": 3542750.0, ""outlier_status"": ""WITHIN STATISTICAL BOUNDS"", ""outlier_level"": ""GREEN"", ""cohort_count"": 8, ""explanation"": ""Expenditure \u20b92,150,000 is within normal interquartile distribution range for District: Rohtas.""}","{""score"": 61.0, ""mad"": 0.0644, ""deviation_status"": ""STATISTICAL DEVIATION DETECTED"", ""distribution"": [{""digit"": 1, ""expected_pct"": 30.1, ""observed_pct"": 10.0, ""count"": 2}, {""digit"": 2, ""expected_pct"": 17.6, ""observed_pct"": 25.0, ""count"": 5}, {""digit"": 3, ""expected_pct"": 12.5, ""observed_pct"": 10.0, ""count"": 2}, {""digit"": 4, ""expected_pct"": 9.7, ""observed_pct"": 5.0, ""count"": 1}, {""digit"": 5, ""expected_pct"": 7.9, ""observed_pct"": 10.0, ""count"": 2}, {""digit"": 6, ""expected_pct"": 6.7, ""observed_pct"": 5.0, ""count"": 1}, {""digit"": 7, ""expected_pct"": 5.8, ""observed_pct"": 10.0, ""count"": 2}, {""digit"": 8, ""expected_pct"": 5.1, ""observed_pct"": 20.0, ""count"": 4}, {""digit"": 9, ""expected_pct"": 4.6, ""observed_pct"": 5.0, ""count"": 1}], ""explanation"": ""Significant first-digit frequency divergence detected (MAD=0.0644). Digits 3 and 4 appear abnormally frequent compared to expected logarithmic distribution.""}","{""score"": 78.0, ""hhi_score"": 3316, ""concentration_level"": ""HIGH VENDOR CONCENTRATION - INCREASED RISK"", ""vendor_shares"": [{""vendor_name"": ""Local Contractor Ltd."", ""expenditure"": 4586000.0, ""share_pct"": 43.3}, {""vendor_name"": ""Reliance Infra"", ""expenditure"": 3478000.0, ""share_pct"": 32.8}, {""vendor_name"": ""Sharma Contractors"", ""expenditure"": 1935000.0, ""share_pct"": 18.3}, {""vendor_name"": ""Jaipur Lights Co."", ""expenditure"": 596000.0, ""share_pct"": 5.6}], ""target_vendor_share"": 43.3, ""explanation"": ""District exhibits high vendor concentration (HHI: 3316). Top contractor 'Local Contractor Ltd.' commands 43.3% of total sanctioned expenditure.""}","{""score"": 88.0, ""photo_similarity_pct"": 88.0, ""text_similarity_pct"": 87.0, ""geo_distance_m"": 115.0, ""geo_relationship"": ""115m [suspicious]"", ""combined_confidence"": ""HIGH"", ""explanation"": ""High perceptual hash match and geographic colocation flagged.""}","Multi-signal prioritization: elevated risk driven primarily by Price Anomaly (GeM Benchmark), Statistical Outlier (IQR), Benford's Law Deviation, Vendor Concentration (HHI), Photo & Geo Similarity. Full evidence receipts available for human review.",2026-09-05 12:17:00.161173
2,2,70.0,MEDIUM,61.9,0.3,38.4,0.2,100.0,0.15,71.9,0.15,91.0,0.2,"{""score"": 61.9, ""items_analyzed"": 2, ""avg_variance_pct"": 37.1, ""high_variance_items"": 2, ""evidence_table"": [{""item_name"": ""LED Street Light (100W)"", ""reported_price"": 18500.0, ""gem_reference_price"": 11200.0, ""quantity"": 20.0, ""unit"": ""Each"", ""absolute_difference"": 7300.0, ""variance_pct"": 65.2, ""match_confidence"": 100.0, ""risk_badge"": ""High""}, {""item_name"": ""Cement (Grade 53)"", ""reported_price"": 480.0, ""gem_reference_price"": 380.0, ""quantity"": 2000.0, ""unit"": ""Bag (50kg)"", ""absolute_difference"": 100.0, ""variance_pct"": 26.3, ""match_confidence"": 100.0, ""risk_badge"": ""Moderate""}], ""explanation"": ""2 item(s) exhibit price variances above GeM benchmark (+37.1% avg variance). Requires review for local transport, specifications, or tax variations.""}","{""score"": 38.4, ""observed_value"": 2150000.0, ""median"": 1979000.0, ""q1"": 928000.0, ""q3"": 2299500.0, ""iqr"": 1371500.0, ""lower_bound"": 0.0, ""upper_bound"": 4356750.0, ""outlier_status"": ""WITHIN STATISTICAL BOUNDS"", ""outlier_level"": ""GREEN"", ""cohort_count"": 11, ""explanation"": ""Expenditure \u20b92,150,000 is within normal interquartile distribution range for District: Banaskantha.""}","{""score"": 100.0, ""mad"": 0.0768, ""deviation_status"": ""STATISTICAL DEVIATION DETECTED"", ""distribution"": [{""digit"": 1, ""expected_pct"": 30.1, ""observed_pct"": 10.5, ""count"": 2}, {""digit"": 2, ""expected_pct"": 17.6, ""observed_pct"": 21.1, ""count"": 4}, {""digit"": 3, ""expected_pct"": 12.5, ""observed_pct"": 5.3, ""count"": 1}, {""digit"": 4, ""expected_pct"": 9.7, ""observed_pct"": 10.5, ""count"": 2}, {""digit"": 5, ""expected_pct"": 7.9, ""observed_pct"": 5.3, ""count"": 1}, {""digit"": 6, ""expected_pct"": 6.7, ""observed_pct"": 15.8, ""count"": 3}, {""digit"": 7, ""expected_pct"": 5.8, ""observed_pct"": 15.8, ""count"": 3}, {""digit"": 8, ""expected_pct"": 5.1, ""observed_pct"": 0.0, ""count"": 0}, {""digit"": 9, ""expected_pct"": 4.6, ""observed_pct"": 15.8, ""count"": 3}], ""explanation"": ""Significant first-digit frequency divergence detected (MAD=0.0768). Digits 3 and 4 appear abnormally frequent compared to expected logarithmic distribution.""}","{""score"": 71.9, ""hhi_score"": 3482, ""concentration_level"": ""HIGH VENDOR CONCENTRATION - INCREASED RISK"", ""vendor_shares"": [{""vendor_name"": ""Sharma Contractors"", ""expenditure"": 11379000.0, ""share_pct"": 52.7}, {""vendor_name"": ""Apex Civil Infra Ltd."", ""expenditure"": 4149000.0, ""share_pct"": 19.2}, {""vendor_name"": ""Local Contractor Ltd."", ""expenditure"": 3470000.0, ""share_pct"": 16.1}, {""vendor_name"": ""Singh Builders"", ""expenditure"": 1487000.0, ""share_pct"": 6.9}, {""vendor_name"": ""Reliance Infra"", ""expenditure"": 1096000.0, ""share_pct"": 5.1}], ""target_vendor_share"": 52.7, ""explanation"": ""District exhibits high vendor concentration (HHI: 3482). Top contractor 'Sharma Contractors' commands 52.7% of total sanctioned expenditure.""}","{""score"": 91.0, ""photo_similarity_pct"": 91.0, ""text_similarity_pct"": 87.0, ""geo_distance_m"": 115.0, ""geo_relationship"": ""115m [suspicious]"", ""combined_confidence"": ""HIGH"", ""explanation"": ""High perceptual hash match and geographic colocation flagged.""}","Multi-signal prioritization: elevated risk driven primarily by Price Anomaly (GeM Benchmark), Benford's Law Deviation, Vendor Concentration (HHI), Photo & Geo Similarity. Full evidence receipts available for human review.",2026-09-05 12:17:00.177886
3,3,81.0,HIGH,100.0,0.3,35.1,0.2,100.0,0.15,71.9,0.15,91.0,0.2,"{""score"": 100.0, ""items_analyzed"": 1, ""avg_variance_pct"": 65.2, ""high_variance_items"": 1, ""evidence_table"": [{""item_name"": ""LED Street Light (100W)"", ""reported_price"": 18500.0, ""gem_reference_price"": 11200.0, ""quantity"": 100.0, ""unit"": ""Each"", ""absolute_difference"": 7300.0, ""variance_pct"": 65.2, ""match_confidence"": 100.0, ""risk_badge"": ""High""}], ""explanation"": ""1 item(s) exhibit price variances above GeM benchmark (+65.2% avg variance). Requires review for local transport, specifications, or tax variations.""}","{""score"": 35.1, ""observed_value"": 1850000.0, ""median"": 1979000.0, ""q1"": 928000.0, ""q3"": 2299500.0, ""iqr"": 1371500.0, ""lower_bound"": 0.0, ""upper_bound"": 4356750.0, ""outlier_status"": ""WITHIN STATISTICAL BOUNDS"", ""outlier_level"": ""GREEN"", ""cohort_count"": 11, ""explanation"": ""Expenditure \u20b91,850,000 is within normal interquartile distribution range for District: Banaskantha.""}","{""score"": 100.0, ""mad"": 0.0504, ""deviation_status"": ""STATISTICAL DEVIATION DETECTED"", ""distribution"": [{""digit"": 1, ""expected_pct"": 30.1, ""observed_pct"": 27.8, ""count"": 5}, {""digit"": 2, ""expected_pct"": 17.6, ""observed_pct"": 11.1, ""count"": 2}, {""digit"": 3, ""expected_pct"": 12.5, ""observed_pct"": 0.0, ""count"": 0}, {""digit"": 4, ""expected_pct"": 9.7, ""observed_pct"": 16.7, ""count"": 3}, {""digit"": 5, ""expected_pct"": 7.9, ""observed_pct"": 11.1, ""count"": 2}, {""digit"": 6, ""expected_pct"": 6.7, ""observed_pct"": 5.6, ""count"": 1}, {""digit"": 7, ""expected_pct"": 5.8, ""observed_pct"": 5.6, ""count"": 1}, {""digit"": 8, ""expected_pct"": 5.1, ""observed_pct"": 16.7, ""count"": 3}, {""digit"": 9, ""expected_pct"": 4.6, ""observed_pct"": 5.6, ""count"": 1}], ""explanation"": ""Significant first-digit frequency divergence detected (MAD=0.0504). Digits 3 and 4 appear abnormally frequent compared to expected logarithmic distribution.""}","{""score"": 71.9, ""hhi_score"": 3482, ""concentration_level"": ""HIGH VENDOR CONCENTRATION - INCREASED RISK"", ""vendor_shares"": [{""vendor_name"": ""Sharma Contractors"", ""expenditure"": 11379000.0, ""share_pct"": 52.7}, {""vendor_name"": ""Apex Civil Infra Ltd."", ""expenditure"": 4149000.0, ""share_pct"": 19.2}, {""vendor_name"": ""Local Contractor Ltd."", ""expenditure"": 3470000.0, ""share_pct"": 16.1}, {""vendor_name"": ""Singh Builders"", ""expenditure"": 1487000.0, ""share_pct"": 6.9}, {""vendor_name"": ""Reliance Infra"", ""expenditure"": 1096000.0, ""share_pct"": 5.1}], ""target_vendor_share"": 52.7, ""explanation"": ""District exhibits high vendor concentration (HHI: 3482). Top contractor 'Sharma Contractors' commands 52.7% of total sanctioned expenditure.""}","{""score"": 91.0, ""photo_similarity_pct"": 91.0, ""text_similarity_pct"": 87.0, ""geo_distance_m"": 115.0, ""geo_relationship"": ""115m [suspicious]"", ""combined_confidence"": ""HIGH"", ""explanation"": ""High perceptual hash match and geographic colocation flagged.""}","Multi-signal prioritization: elevated risk driven primarily by Price Anomaly (GeM Benchmark), Benford's Law Deviation, Vendor Concentration (HHI), Photo & Geo Similarity. Full evidence receipts available for human review.",2026-09-05 12:17:00.177886
4,4,52.0,MEDIUM,39.3,0.3,28.6,0.2,100.0,0.15,71.3,0.15,45.0,0.2,"{""score"": 39.3, ""items_analyzed"": 2, ""avg_variance_pct"": 23.6, ""high_variance_items"": 2, ""evidence_table"": [{""item_name"": ""Solar Panel (300W)"", ""reported_price"": 15200.0, ""gem_reference_price"": 12800.0, ""quantity"": 50.0, ""unit"": ""Each"", ""absolute_difference"": 2400.0, ""variance_pct"": 18.8, ""match_confidence"": 100.0, ""risk_badge"": ""Moderate""}, {""item_name"": ""LED Street Light (100W)"", ""reported_price"": 14400.0, ""gem_reference_price"": 11200.0, ""quantity"": 50.0, ""unit"": ""Each"", ""absolute_difference"": 3200.0, ""variance_pct"": 28.6, ""match_confidence"": 100.0, ""risk_badge"": ""Moderate""}], ""explanation"": ""2 item(s) exhibit price variances above GeM benchmark (+23.6% avg variance). Requires review for local transport, specifications, or tax variations.""}","{""score"": 28.6, ""observed_value"": 1480000.0, ""median"": 2090000.0, ""q1"": 1056000.0, ""q3"": 2808000.0, ""iqr"": 1752000.0, ""lower_bound"": 0.0, ""upper_bound"": 5436000.0, ""outlier_status"": ""WITHIN STATISTICAL BOUNDS"", ""outlier_level"": ""GREEN"", ""cohort_count"": 11, ""explanation"": ""Expenditure \u20b91,480,000 is within normal interquartile distribution range for District: Jaipur.""}","{""score"": 100.0, ""mad"": 0.0987, ""deviation_status"": ""STATISTICAL DEVIATION DETECTED"", ""distribution"": [{""digit"": 1, ""expected_pct"": 30.1, ""observed_pct"": 10.5, ""count"": 2}, {""digit"": 2, ""expected_pct"": 17.6, ""observed_pct"": 0.0, ""count"": 0}, {""digit"": 3, ""expected_pct"": 12.5, ""observed_pct"": 5.3, ""count"": 1}, {""digit"": 4, ""expected_pct"": 9.7, ""observed_pct"": 10.5, ""count"": 2}, {""digit"": 5, ""expected_pct"": 7.9, ""observed_pct"": 15.8, ""count"": 3}, {""digit"": 6, ""expected_pct"": 6.7, ""observed_pct"": 10.5, ""count"": 2}, {""digit"": 7, ""expected_pct"": 5.8, ""observed_pct"": 21.1, ""count"": 4}, {""digit"": 8, ""expected_pct"": 5.1, ""observed_pct"": 15.8, ""count"": 3}, {""digit"": 9, ""expected_pct"": 4.6, ""observed_pct"": 10.5, ""count"": 2}], ""explanation"": ""Significant first-digit frequency divergence detected (MAD=0.0987). Digits 3 and 4 appear abnormally frequent compared to expected logarithmic distribution.""}","{""score"": 71.3, ""hhi_score"": 3393, ""concentration_level"": ""HIGH VENDOR CONCENTRATION - INCREASED RISK"", ""vendor_shares"": [{""vendor_name"": ""Local Contractor Ltd."", ""expenditure"": 11218000.0, ""share_pct"": 48.5}, {""vendor_name"": ""Jaipur Lights Co."", ""expenditure"": 6477000.0, ""share_pct"": 28.0}, {""vendor_name"": ""Apex Civil Infra Ltd."", ""expenditure"": 3303000.0, ""share_pct"": 14.3}, {""vendor_name"": ""Singh Builders"", ""expenditure"": 1440000.0, ""share_pct"": 6.2}, {""vendor_name"": ""Sharma Contractors"", ""expenditure"": 672000.0, ""share_pct"": 2.9}], ""target_vendor_share"": 28.0, ""explanation"": ""District exhibits high vendor concentration (HHI: 3393). Top contractor 'Local Contractor Ltd.' commands 48.5% of total sanctioned expenditure.""}","{""score"": 45.0, ""photo_similarity_pct"": 45.0, ""text_similarity_pct"": 35.0, ""geo_distance_m"": 4500.0, ""geo_relationship"": ""Normal Proximity"", ""combined_confidence"": ""LOW"", ""explanation"": ""No duplicate works detected.""}","Multi-signal prioritization: elevated risk driven primarily by Benford's Law Deviation, Vendor Concentration (HHI). Full evidence receipts available for human review.",2026-09-05 12:17:00.194821
5,5,62.0,MEDIUM,52.7,0.3,49.9,0.2,100.0,0.15,62.8,0.15,60.0,0.2,"{""score"": 52.7, ""items_analyzed"": 3, ""avg_variance_pct"": 31.6, ""high_variance_items"": 3, ""evidence_table"": [{""item_name"": ""Cement (Grade 53)"", ""reported_price"": 510.0, ""gem_reference_price"": 380.0, ""quantity"": 5000.0, ""unit"": ""Bag (50kg)"", ""absolute_difference"": 130.0, ""variance_pct"": 34.2, ""match_confidence"": 100.0, ""risk_badge"": ""High""}, {""item_name"": ""Steel (TMT Bar)"", ""reported_price"": 76000.0, ""gem_reference_price"": 58000.0, ""quantity"": 40.0, ""unit"": ""Metric Ton"", ""absolute_difference"": 18000.0, ""variance_pct"": 31.0, ""match_confidence"": 100.0, ""risk_badge"": ""High""}, {""item_name"": ""Computer (Desktop)"", ""reported_price"": 54000.0, ""gem_reference_price"": 42500.0, ""quantity"": 20.0, ""unit"": ""Each"", ""absolute_difference"": 11500.0, ""variance_pct"": 27.1, ""match_confidence"": 100.0, ""risk_badge"": ""Moderate""}], ""explanation"": ""3 item(s) exhibit price variances above GeM benchmark (+31.6% avg variance). Requires review for local transport, specifications, or tax variations.""}","{""score"": 49.9, ""observed_value"": 5800000.0, ""median"": 2234000.0, ""q1"": 1055750.0, ""q3"": 3913500.0, ""iqr"": 2857750.0, ""lower_bound"": 0.0, ""upper_bound"": 8200125.0, ""outlier_status"": ""WITHIN STATISTICAL BOUNDS"", ""outlier_level"": ""GREEN"", ""cohort_count"": 12, ""explanation"": ""Expenditure \u20b95,800,000 is within normal interquartile distribution range for District: Patna.""}","{""score"": 100.0, ""mad"": 0.0671, ""deviation_status"": ""STATISTICAL DEVIATION DETECTED"", ""distribution"": [{""digit"": 1, ""expected_pct"": 30.1, ""observed_pct"": 10.0, ""count"": 2}, {""digit"": 2, ""expected_pct"": 17.6, ""observed_pct"": 15.0, ""count"": 3}, {""digit"": 3, ""expected_pct"": 12.5, ""observed_pct"": 5.0, ""count"": 1}, {""digit"": 4, ""expected_pct"": 9.7, ""observed_pct"": 10.0, ""count"": 2}, {""digit"": 5, ""expected_pct"": 7.9, ""observed_pct"": 15.0, ""count"": 3}, {""digit"": 6, ""expected_pct"": 6.7, ""observed_pct"": 10.0, ""count"": 2}, {""digit"": 7, ""expected_pct"": 5.8, ""observed_pct"": 10.0, ""count"": 2}, {""digit"": 8, ""expected_pct"": 5.1, ""observed_pct"": 10.0, ""count"": 2}, {""digit"": 9, ""expected_pct"": 4.6, ""observed_pct"": 15.0, ""count"": 3}], ""explanation"": ""Significant first-digit frequency divergence detected (MAD=0.0671). Digits 3 and 4 appear abnormally frequent compared to expected logarithmic distribution.""}","{""score"": 62.8, ""hhi_score"": 2411, ""concentration_level"": ""MODERATE CONCENTRATION"", ""vendor_shares"": [{""vendor_name"": ""Singh Builders"", ""expenditure"": 10584000.0, ""share_pct"": 33.0}, {""vendor_name"": ""Apex Civil Infra Ltd."", ""expenditure"": 9615000.0, ""share_pct"": 29.9}, {""vendor_name"": ""Local Contractor Ltd."", ""expenditure"": 5227000.0, ""share_pct"": 16.3}, {""vendor_name"": ""Sharma Contractors"", ""expenditure"": 3039000.0, ""share_pct"": 9.5}, {""vendor_name"": ""Jaipur Lights Co."", ""expenditure"": 2520000.0, ""share_pct"": 7.8}, {""vendor_name"": ""Reliance Infra"", ""expenditure"": 1129000.0, ""share_pct"": 3.5}], ""target_vendor_share"": 33.0, ""explanation"": ""Moderate vendor concentration (HHI: 2411). Monitored for potential single-source trends.""}","{""score"": 60.0, ""photo_similarity_pct"": 60.0, ""text_similarity_pct"": 35.0, ""geo_distance_m"": 4500.0, ""geo_relationship"": ""Normal Proximity"", ""combined_confidence"": ""LOW"", ""explanation"": ""No duplicate works detected.""}","Multi-signal prioritization: elevated risk driven primarily by Benford's Law Deviation, Vendor Concentration (HHI), Photo & Geo Similarity. Full evidence receipts available for human review.",2026-09-05 12:17:00.201944
6,6,34.0,LOW,2.2,0.3,25.0,0.2,100.0,0.15,68.1,0.15,15.0,0.2,"{""score"": 2.2, ""items_analyzed"": 1, ""avg_variance_pct"": 1.3, ""high_variance_items"": 0, ""evidence_table"": [{""item_name"": ""Cement (Grade 53)"", ""reported_price"": 385.0, ""gem_reference_price"": 380.0, ""quantity"": 1000.0, ""unit"": ""Bag (50kg)"", ""absolute_difference"": 5.0, ""variance_pct"": 1.3, ""match_confidence"": 100.0, ""risk_badge"": ""Normal""}], ""explanation"": ""Item prices are aligned with GeM market reference rates within acceptable tolerance.""}","{""score"": 25.0, ""observed_value"": 1500000.0, ""median"": 3428000.0, ""q1"": 1500000.0, ""q3"": 4853000.0, ""iqr"": 3353000.0, ""lower_bound"": 0.0, ""upper_bound"": 9882500.0, ""outlier_status"": ""WITHIN STATISTICAL BOUNDS"", ""outlier_level"": ""GREEN"", ""cohort_count"": 5, ""explanation"": ""Expenditure \u20b91,500,000 is within normal interquartile distribution range for District: Pune.""}","{""score"": 100.0, ""mad"": 0.0576, ""deviation_status"": ""STATISTICAL DEVIATION DETECTED"", ""distribution"": [{""digit"": 1, ""expected_pct"": 30.1, ""observed_pct"": 5.6, ""count"": 1}, {""digit"": 2, ""expected_pct"": 17.6, ""observed_pct"": 22.2, ""count"": 4}, {""digit"": 3, ""expected_pct"": 12.5, ""observed_pct"": 22.2, ""count"": 4}, {""digit"": 4, ""expected_pct"": 9.7, ""observed_pct"": 11.1, ""count"": 2}, {""digit"": 5, ""expected_pct"": 7.9, ""observed_pct"": 11.1, ""count"": 2}, {""digit"": 6, ""expected_pct"": 6.7, ""observed_pct"": 5.6, ""count"": 1}, {""digit"": 7, ""expected_pct"": 5.8, ""observed_pct"": 5.6, ""count"": 1}, {""digit"": 8, ""expected_pct"": 5.1, ""observed_pct"": 11.1, ""count"": 2}, {""digit"": 9, ""expected_pct"": 4.6, ""observed_pct"": 5.6, ""count"": 1}], ""explanation"": ""Significant first-digit frequency divergence detected (MAD=0.0576). Digits 3 and 4 appear abnormally frequent compared to expected logarithmic distribution.""}","{""score"": 68.1, ""hhi_score"": 2940, ""concentration_level"": ""HIGH VENDOR CONCENTRATION - INCREASED RISK"", ""vendor_shares"": [{""vendor_name"": ""Sharma Contractors"", ""expenditure"": 5872000.0, ""share_pct"": 37.5}, {""vendor_name"": ""Apex Civil Infra Ltd."", ""expenditure"": 4853000.0, ""share_pct"": 31.0}, {""vendor_name"": ""Jaipur Lights Co."", ""expenditure"": 3428000.0, ""share_pct"": 21.9}, {""vendor_name"": ""Reliance Infra"", ""expenditure"": 1500000.0, ""share_pct"": 9.6}], ""target_vendor_share"": 9.6, ""explanation"": ""District exhibits high vendor concentration (HHI: 2940). Top contractor 'Sharma Contractors' commands 37.5% of total sanctioned expenditure.""}","{""score"": 15.0, ""photo_similarity_pct"": 15.0, ""text_similarity_pct"": 35.0, ""geo_distance_m"": 4500.0, ""geo_relationship"": ""Normal Proximity"", ""combined_confidence"": ""LOW"", ""explanation"": ""No duplicate works detected.""}","Multi-signal prioritization: elevated risk driven primarily by Benford's Law Deviation, Vendor Concentration (HHI). Full evidence receipts available for human review.",2026-09-05 12:17:00.201944
7,7,38.0,LOW,0.0,0.3,21.3,0.2,100.0,0.15,68.1,0.15,41.2,0.2,"{""score"": 0.0, ""items_analyzed"": 2, ""avg_variance_pct"": 0.0, ""high_variance_items"": 0, ""evidence_table"": [{""item_name"": ""Steel (TMT Bar)"", ""reported_price"": 55680.0, ""gem_reference_price"": 58000.0, ""quantity"": 3.0, ""unit"": ""Metric Ton"", ""absolute_difference"": -2320.0, ""variance_pct"": -4.0, ""match_confidence"": 100.0, ""risk_badge"": ""Normal""}, {""item_name"": ""Computer (Desktop)"", ""reported_price"": 41650.0, ""gem_reference_price"": 42500.0, ""quantity"": 9.0, ""unit"": ""Each"", ""absolute_difference"": -850.0, ""variance_pct"": -2.0, ""match_confidence"": 100.0, ""risk_badge"": ""Normal""}], ""explanation"": ""Item prices are aligned with GeM market reference rates within acceptable tolerance.""}","{""score"": 21.3, ""observed_value"": 664000.0, ""median"": 3428000.0, ""q1"": 1500000.0, ""q3"": 4853000.0, ""iqr"": 3353000.0, ""lower_bound"": 0.0, ""upper_bound"": 9882500.0, ""outlier_status"": ""WITHIN STATISTICAL BOUNDS"", ""outlier_level"": ""GREEN"", ""cohort_count"": 5, ""explanation"": ""Expenditure \u20b9664,000 is within normal interquartile distribution range for District: Pune.""}","{""score"": 100.0, ""mad"": 0.0493, ""deviation_status"": ""STATISTICAL DEVIATION DETECTED"", ""distribution"": [{""digit"": 1, ""expected_pct"": 30.1, ""observed_pct"": 21.1, ""count"": 4}, {""digit"": 2, ""expected_pct"": 17.6, ""observed_pct"": 10.5, ""count"": 2}, {""digit"": 3, ""expected_pct"": 12.5, ""observed_pct"": 10.5, ""count"": 2}, {""digit"": 4, ""expected_pct"": 9.7, ""observed_pct"": 15.8, ""count"": 3}, {""digit"": 5, ""expected_pct"": 7.9, ""observed_pct"": 5.3, ""count"": 1}, {""digit"": 6, ""expected_pct"": 6.7, ""observed_pct"": 5.3, ""count"": 1}, {""digit"": 7, ""expected_pct"": 5.8, ""observed_pct"": 15.8, ""count"": 3}, {""digit"": 8, ""expected_pct"": 5.1, ""observed_pct"": 5.3, ""count"": 1}, {""digit"": 9, ""expected_pct"": 4.6, ""observed_pct"": 10.5, ""count"": 2}], ""explanation"": ""Significant first-digit frequency divergence detected (MAD=0.0493). Digits 3 and 4 appear abnormally frequent compared to expected logarithmic distribution.""}","{""score"": 68.1, ""hhi_score"": 2940, ""concentration_level"": ""HIGH VENDOR CONCENTRATION - INCREASED RISK"", ""vendor_shares"": [{""vendor_name"": ""Sharma Contractors"", ""expenditure"": 5872000.0, ""share_pct"": 37.5}, {""vendor_name"": ""Apex Civil Infra Ltd."", ""expenditure"": 4853000.0, ""share_pct"": 31.0}, {""vendor_name"": ""Jaipur Lights Co."", ""expenditure"": 3428000.0, ""share_pct"": 21.9}, {""vendor_name"": ""Reliance Infra"", ""expenditure"": 1500000.0, ""share_pct"": 9.6}], ""target_vendor_share"": 37.5, ""explanation"": ""District exhibits high vendor concentration (HHI: 2940). Top contractor 'Sharma Contractors' commands 37.5% of total sanctioned expenditure.""}","{""score"": 41.2, ""photo_similarity_pct"": 41.2, ""text_similarity_pct"": 35.0, ""geo_distance_m"": 4500.0, ""geo_relationship"": ""Normal Proximity"", ""combined_confidence"": ""LOW"", ""explanation"": ""No duplicate works detected.""}","Multi-signal prioritization: elevated risk driven primarily by Benford's Law Deviation, Vendor Concentration (HHI). Full evidence receipts available for human review.",2026-09-05 12:17:00.211290
8,8,37.0,LOW,0.5,0.3,21.5,0.2,100.0,0.15,70.7,0.15,34.5,0.2,"{""score"": 0.5, ""items_analyzed"": 2, ""avg_variance_pct"": 0.3, ""high_variance_items"": 0, ""evidence_table"": [{""item_name"": ""Water Pump (5 HP)"", ""reported_price"": 24000.0, ""gem_reference_price"": 24000.0, ""quantity"": 14.0, ""unit"": ""Each"", ""absolute_difference"": 0.0, ""variance_pct"": 0.0, ""match_confidence"": 100.0, ""risk_badge"": ""Normal""}, {""item_name"": ""Solar Panel (300W)"", ""reported_price"": 12928.0, ""gem_reference_price"": 12800.0, ""quantity"": 12.0, ""unit"": ""Each"", ""absolute_difference"": 128.0, ""variance_pct"": 1.0, ""match_confidence"": 100.0, ""risk_badge"": ""Normal""}], ""explanation"": ""Item prices are aligned with GeM market reference rates within acceptable tolerance.""}","{""score"": 21.5, ""observed_value"": 421000.0, ""median"": 967500.0, ""q1"": 685250.0, ""q3"": 1828250.0, ""iqr"": 1143000.0, ""lower_bound"": 0.0, ""upper_bound"": 3542750.0, ""outlier_status"": ""WITHIN STATISTICAL BOUNDS"", ""outlier_level"": ""GREEN"", ""cohort_count"": 8, ""explanation"": ""Expenditure \u20b9421,000 is within normal interquartile distribution range for District: Rohtas.""}","{""score"": 100.0, ""mad"": 0.096, ""deviation_status"": ""STATISTICAL DEVIATION DETECTED"", ""distribution"": [{""digit"": 1, ""expected_pct"": 30.1, ""observed_pct"": 5.3, ""count"": 1}, {""digit"": 2, ""expected_pct"": 17.6, ""observed_pct"": 5.3, ""count"": 1}, {""digit"": 3, ""expected_pct"": 12.5, ""observed_pct"": 10.5, ""count"": 2}, {""digit"": 4, ""expected_pct"": 9.7, ""observed_pct"": 26.3, ""count"": 5}, {""digit"": 5, ""expected_pct"": 7.9, ""observed_pct"": 5.3, ""count"": 1}, {""digit"": 6, ""expected_pct"": 6.7, ""observed_pct"": 5.3, ""count"": 1}, {""digit"": 7, ""expected_pct"": 5.8, ""observed_pct"": 10.5, ""count"": 2}, {""digit"": 8, ""expected_pct"": 5.1, ""observed_pct"": 15.8, ""count"": 3}, {""digit"": 9, ""expected_pct"": 4.6, ""observed_pct"": 15.8, ""count"": 3}], ""explanation"": ""Significant first-digit frequency divergence detected (MAD=0.0960). Digits 3 and 4 appear abnormally frequent compared to expected logarithmic distribution.""}","{""score"": 70.7, ""hhi_score"": 3316, ""concentration_level"": ""HIGH VENDOR CONCENTRATION - INCREASED RISK"", ""vendor_shares"": [{""vendor_name"": ""Local Contractor Ltd."", ""expenditure"": 4586000.0, ""share_pct"": 43.3}, {""vendor_name"": ""Reliance Infra"", ""expenditure"": 3478000.0, ""share_pct"": 32.8}, {""vendor_name"": ""Sharma Contractors"", ""expenditure"": 1935000.0, ""share_pct"": 18.3}, {""vendor_name"": ""Jaipur Lights Co."", ""expenditure"": 596000.0, ""share_pct"": 5.6}], ""target_vendor_share"": 32.8, ""explanation"": ""District exhibits high vendor concentration (HHI: 3316). Top contractor 'Local Contractor Ltd.' commands 43.3% of total sanctioned expenditure.""}","{""score"": 34.5, ""photo_similarity_pct"": 34.5, ""text_similarity_pct"": 35.0, ""geo_distance_m"": 4500.0, ""geo_relationship"": ""Normal Proximity"", ""combined_confidence"": ""LOW"", ""explanation"": ""No duplicate works detected.""}","Multi-signal prioritization: elevated risk driven primarily by Benford's Law Deviation, Vendor Concentration (HHI). Full evidence receipts available for human review.",2026-09-05 12:17:00.211290
9,9,41.0,LOW,6.7,0.3,21.7,0.2,100.0,0.15,71.3,0.15,43.5,0.2,"{""score"": 6.7, ""items_analyzed"": 2, ""avg_variance_pct"": 4.0, ""high_variance_items"": 0, ""evidence_table"": [{""item_name"": ""RO Water Purifier Commercial"", ""reported_price"": 88400.0, ""gem_reference_price"": 85000.0, ""quantity"": 2.0, ""unit"": ""Each"", ""absolute_difference"": 3400.0, ""variance_pct"": 4.0, ""match_confidence"": 100.0, ""risk_badge"": ""Normal""}, {""item_name"": ""High Mast Light (12.5m)"", ""reported_price"": 192400.0, ""gem_reference_price"": 185000.0, ""quantity"": 3.0, ""unit"": ""Each"", ""absolute_difference"": 7400.0, ""variance_pct"": 4.0, ""match_confidence"": 100.0, ""risk_badge"": ""Normal""}], ""explanation"": ""Item prices are aligned with GeM market reference rates within acceptable tolerance.""}","{""score"": 21.7, ""observed_value"": 672000.0, ""median"": 2090000.0, ""q1"": 1056000.0, ""q3"": 2808000.0, ""iqr"": 1752000.0, ""lower_bound"": 0.0, ""upper_bound"": 5436000.0, ""outlier_status"": ""WITHIN STATISTICAL BOUNDS"", ""outlier_level"": ""GREEN"", ""cohort_count"": 11, ""explanation"": ""Expenditure \u20b9672,000 is within normal interquartile distribution range for District: Jaipur.""}","{""score"": 100.0, ""mad"": 0.0882, ""deviation_status"": ""STATISTICAL DEVIATION DETECTED"", ""distribution"": [{""digit"": 1, ""expected_pct"": 30.1, ""observed_pct"": 10.5, ""count"": 2}, {""digit"": 2, ""expected_pct"": 17.6, ""observed_pct"": 0.0, ""count"": 0}, {""digit"": 3, ""expected_pct"": 12.5, ""observed_pct"": 10.5, ""count"": 2}, {""digit"": 4, ""expected_pct"": 9.7, ""observed_pct"": 15.8, ""count"": 3}, {""digit"": 5, ""expected_pct"": 7.9, ""observed_pct"": 15.8, ""count"": 3}, {""digit"": 6, ""expected_pct"": 6.7, ""observed_pct"": 10.5, ""count"": 2}, {""digit"": 7, ""expected_pct"": 5.8, ""observed_pct"": 5.3, ""count"": 1}, {""digit"": 8, ""expected_pct"": 5.1, ""observed_pct"": 21.1, ""count"": 4}, {""digit"": 9, ""expected_pct"": 4.6, ""observed_pct"": 10.5, ""count"": 2}], ""explanation"": ""Significant first-digit frequency divergence detected (MAD=0.0882). Digits 3 and 4 appear abnormally frequent compared to expected logarithmic distribution.""}","{""score"": 71.3, ""hhi_score"": 3393, ""concentration_level"": ""HIGH VENDOR CONCENTRATION - INCREASED RISK"", ""vendor_shares"": [{""vendor_name"": ""Local Contractor Ltd."", ""expenditure"": 11218000.0, ""share_pct"": 48.5}, {""vendor_name"": ""Jaipur Lights Co."", ""expenditure"": 6477000.0, ""share_pct"": 28.0}, {""vendor_name"": ""Apex Civil Infra Ltd."", ""expenditure"": 3303000.0, ""share_pct"": 14.3}, {""vendor_name"": ""Singh Builders"", ""expenditure"": 1440000.0, ""share_pct"": 6.2}, {""vendor_name"": ""Sharma Contractors"", ""expenditure"": 672000.0, ""share_pct"": 2.9}], ""target_vendor_share"": 2.9, ""explanation"": ""District exhibits high vendor concentration (HHI: 3393). Top contractor 'Local Contractor Ltd.' commands 48.5% of total sanctioned expenditure.""}","{""score"": 43.5, ""photo_similarity_pct"": 43.5, ""text_similarity_pct"": 35.0, ""geo_distance_m"": 4500.0, ""geo_relationship"": ""Normal Proximity"", ""combined_confidence"": ""LOW"", ""explanation"": ""No duplicate works detected.""}","Multi-signal prioritization: elevated risk driven primarily by Benford's Law Deviation, Vendor Concentration (HHI). Full evidence receipts available for human review.",2026-09-05 12:17:00.211290
10,10,73.0,MEDIUM,79.1,0.3,35.7,0.2,100.0,0.15,71.3,0.15,84.0,0.2,"{""score"": 79.1, ""items_analyzed"": 2, ""avg_variance_pct"": 47.5, ""high_variance_items"": 2, ""evidence_table"": [{""item_name"": ""RO Water Purifier Commercial"", ""reported_price"": 131750.0, ""gem_reference_price"": 85000.0, ""quantity"": 2.0, ""unit"": ""Each"", ""absolute_difference"": 46750.0, ""variance_pct"": 55.0, ""match_confidence"": 100.0, ""risk_badge"": ""High""}, {""item_name"": ""High Mast Light (12.5m)"", ""reported_price"": 268250.0, ""gem_reference_price"": 185000.0, ""quantity"": 3.0, ""unit"": ""Each"", ""absolute_difference"": 83250.0, ""variance_pct"": 45.0, ""match_confidence"": 100.0, ""risk_badge"": ""High""}], ""explanation"": ""2 item(s) exhibit price variances above GeM benchmark (+47.5% avg variance). Requires review for local transport, specifications, or tax variations.""}","{""score"": 35.7, ""observed_value"": 2300000.0, ""median"": 2090000.0, ""q1"": 1056000.0, ""q3"": 2808000.0, ""iqr"": 1752000.0, ""lower_bound"": 0.0, ""upper_bound"": 5436000.0, ""outlier_status"": ""WITHIN STATISTICAL BOUNDS"", ""outlier_level"": ""GREEN"", ""cohort_count"": 11, ""explanation"": ""Expenditure \u20b92,300,000 is within normal interquartile distribution range for District: Jaipur.""}","{""score"": 100.0, ""mad"": 0.0862, ""deviation_status"": ""STATISTICAL DEVIATION DETECTED"", ""distribution"": [{""digit"": 1, ""expected_pct"": 30.1, ""observed_pct"": 0.0, ""count"": 0}, {""digit"": 2, ""expected_pct"": 17.6, ""observed_pct"": 31.6, ""count"": 6}, {""digit"": 3, ""expected_pct"": 12.5, ""observed_pct"": 5.3, ""count"": 1}, {""digit"": 4, ""expected_pct"": 9.7, ""observed_pct"": 15.8, ""count"": 3}, {""digit"": 5, ""expected_pct"": 7.9, ""observed_pct"": 15.8, ""count"": 3}, {""digit"": 6, ""expected_pct"": 6.7, ""observed_pct"": 5.3, ""count"": 1}, {""digit"": 7, ""expected_pct"": 5.8, ""observed_pct"": 10.5, ""count"": 2}, {""digit"": 8, ""expected_pct"": 5.1, ""observed_pct"": 10.5, ""count"": 2}, {""digit"": 9, ""expected_pct"": 4.6, ""observed_pct"": 5.3, ""count"": 1}], ""explanation"": ""Significant first-digit frequency divergence detected (MAD=0.0862). Digits 3 and 4 appear abnormally frequent compared to expected logarithmic distribution.""}","{""score"": 71.3, ""hhi_score"": 3393, ""concentration_level"": ""HIGH VENDOR CONCENTRATION - INCREASED RISK"", ""vendor_shares"": [{""vendor_name"": ""Local Contractor Ltd."", ""expenditure"": 11218000.0, ""share_pct"": 48.5}, {""vendor_name"": ""Jaipur Lights Co."", ""expenditure"": 6477000.0, ""share_pct"": 28.0}, {""vendor_name"": ""Apex Civil Infra Ltd."", ""expenditure"": 3303000.0, ""share_pct"": 14.3}, {""vendor_name"": ""Singh Builders"", ""expenditure"": 1440000.0, ""share_pct"": 6.2}, {""vendor_name"": ""Sharma Contractors"", ""expenditure"": 672000.0, ""share_pct"": 2.9}], ""target_vendor_share"": 28.0, ""explanation"": ""District exhibits high vendor concentration (HHI: 3393). Top contractor 'Local Contractor Ltd.' commands 48.5% of total sanctioned expenditure.""}","{""score"": 84.0, ""photo_similarity_pct"": 84.0, ""text_similarity_pct"": 87.0, ""geo_distance_m"": 115.0, ""geo_relationship"": ""115m [suspicious]"", ""combined_confidence"": ""HIGH"", ""explanation"": ""High perceptual hash match and geographic colocation flagged.""}","Multi-signal prioritization: elevated risk driven primarily by Price Anomaly (GeM Benchmark), Benford's Law Deviation, Vendor Concentration (HHI), Photo & Geo Similarity. Full evidence receipts available for human review.",2026-09-05 12:17:00.211290
11,11,38.0,LOW,6.8,0.3,38.6,0.2,100.0,0.15,71.9,0.15,12.8,0.2,"{""score"": 6.8, ""items_analyzed"": 2, ""avg_variance_pct"": 4.1, ""high_variance_items"": 1, ""evidence_table"": [{""item_name"": ""Steel (TMT Bar)"", ""reported_price"": 64960.0, ""gem_reference_price"": 58000.0, ""quantity"": 4.0, ""unit"": ""Metric Ton"", ""absolute_difference"": 6960.0, ""variance_pct"": 12.0, ""match_confidence"": 100.0, ""risk_badge"": ""Normal""}, {""item_name"": ""Computer (Desktop)"", ""reported_price"": 41650.0, ""gem_reference_price"": 42500.0, ""quantity"": 12.0, ""unit"": ""Each"", ""absolute_difference"": -850.0, ""variance_pct"": -2.0, ""match_confidence"": 100.0, ""risk_badge"": ""Normal""}], ""explanation"": ""1 item(s) exhibit price variances above GeM benchmark (+4.1% avg variance). Requires review for local transport, specifications, or tax variations.""}","{""score"": 38.6, ""observed_value"": 2170000.0, ""median"": 1979000.0, ""q1"": 928000.0, ""q3"": 2299500.0, ""iqr"": 1371500.0, ""lower_bound"": 0.0, ""upper_bound"": 4356750.0, ""outlier_status"": ""WITHIN STATISTICAL BOUNDS"", ""outlier_level"": ""GREEN"", ""cohort_count"": 11, ""explanation"": ""Expenditure \u20b92,170,000 is within normal interquartile distribution range for District: Banaskantha.""}","{""score"": 100.0, ""mad"": 0.0648, ""deviation_status"": ""STATISTICAL DEVIATION DETECTED"", ""distribution"": [{""digit"": 1, ""expected_pct"": 30.1, ""observed_pct"": 10.5, ""count"": 2}, {""digit"": 2, ""expected_pct"": 17.6, ""observed_pct"": 15.8, ""count"": 3}, {""digit"": 3, ""expected_pct"": 12.5, ""observed_pct"": 5.3, ""count"": 1}, {""digit"": 4, ""expected_pct"": 9.7, ""observed_pct"": 15.8, ""count"": 3}, {""digit"": 5, ""expected_pct"": 7.9, ""observed_pct"": 10.5, ""count"": 2}, {""digit"": 6, ""expected_pct"": 6.7, ""observed_pct"": 15.8, ""count"": 3}, {""digit"": 7, ""expected_pct"": 5.8, ""observed_pct"": 5.3, ""count"": 1}, {""digit"": 8, ""expected_pct"": 5.1, ""observed_pct"": 10.5, ""count"": 2}, {""digit"": 9, ""expected_pct"": 4.6, ""observed_pct"": 10.5, ""count"": 2}], ""explanation"": ""Significant first-digit frequency divergence detected (MAD=0.0648). Digits 3 and 4 appear abnormally frequent compared to expected logarithmic distribution.""}","{""score"": 71.9, ""hhi_score"": 3482, ""concentration_level"": ""HIGH VENDOR CONCENTRATION - INCREASED RISK"", ""vendor_shares"": [{""vendor_name"": ""Sharma Contractors"", ""expenditure"": 11379000.0, ""share_pct"": 52.7}, {""vendor_name"": ""Apex Civil Infra Ltd."", ""expenditure"": 4149000.0, ""share_pct"": 19.2}, {""vendor_name"": ""Local Contractor Ltd."", ""expenditure"": 3470000.0, ""share_pct"": 16.1}, {""vendor_name"": ""Singh Builders"", ""expenditure"": 1487000.0, ""share_pct"": 6.9}, {""vendor_name"": ""Reliance Infra"", ""expenditure"": 1096000.0, ""share_pct"": 5.1}], ""target_vendor_share"": 19.2, ""explanation"": ""District exhibits high vendor concentration (HHI: 3482). Top contractor 'Sharma Contractors' commands 52.7% of total sanctioned expenditure.""}","{""score"": 12.8, ""photo_similarity_pct"": 12.8, ""text_similarity_pct"": 35.0, ""geo_distance_m"": 4500.0, ""geo_relationship"": ""Normal Proximity"", ""combined_confidence"": ""LOW"", ""explanation"": ""No duplicate works detected.""}","Multi-signal prioritization: elevated risk driven primarily by Benford's Law Deviation, Vendor Concentration (HHI). Full evidence receipts available for human review.",2026-09-05 12:17:00.227889
12,12,38.0,LOW,0.3,0.3,44.2,0.2,100.0,0.15,71.3,0.15,18.1,0.2,"{""score"": 0.3, ""items_analyzed"": 2, ""avg_variance_pct"": 0.2, ""high_variance_items"": 0, ""evidence_table"": [{""item_name"": ""Water Pump (5 HP)"", ""reported_price"": 22080.0, ""gem_reference_price"": 24000.0, ""quantity"": 14.0, ""unit"": ""Each"", ""absolute_difference"": -1920.0, ""variance_pct"": -8.0, ""match_confidence"": 100.0, ""risk_badge"": ""Normal""}, {""item_name"": ""Solar Panel (300W)"", ""reported_price"": 12928.0, ""gem_reference_price"": 12800.0, ""quantity"": 6.0, ""unit"": ""Each"", ""absolute_difference"": 128.0, ""variance_pct"": 1.0, ""match_confidence"": 100.0, ""risk_badge"": ""Normal""}], ""explanation"": ""Item prices are aligned with GeM market reference rates within acceptable tolerance.""}","{""score"": 44.2, ""observed_value"": 3303000.0, ""median"": 2090000.0, ""q1"": 1056000.0, ""q3"": 2808000.0, ""iqr"": 1752000.0, ""lower_bound"": 0.0, ""upper_bound"": 5436000.0, ""outlier_status"": ""WITHIN STATISTICAL BOUNDS"", ""outlier_level"": ""GREEN"", ""cohort_count"": 11, ""explanation"": ""Expenditure \u20b93,303,000 is within normal interquartile distribution range for District: Jaipur.""}","{""score"": 100.0, ""mad"": 0.0881, ""deviation_status"": ""STATISTICAL DEVIATION DETECTED"", ""distribution"": [{""digit"": 1, ""expected_pct"": 30.1, ""observed_pct"": 5.3, ""count"": 1}, {""digit"": 2, ""expected_pct"": 17.6, ""observed_pct"": 15.8, ""count"": 3}, {""digit"": 3, ""expected_pct"": 12.5, ""observed_pct"": 21.1, ""count"": 4}, {""digit"": 4, ""expected_pct"": 9.7, ""observed_pct"": 21.1, ""count"": 4}, {""digit"": 5, ""expected_pct"": 7.9, ""observed_pct"": 0.0, ""count"": 0}, {""digit"": 6, ""expected_pct"": 6.7, ""observed_pct"": 10.5, ""count"": 2}, {""digit"": 7, ""expected_pct"": 5.8, ""observed_pct"": 15.8, ""count"": 3}, {""digit"": 8, ""expected_pct"": 5.1, ""observed_pct"": 0.0, ""count"": 0}, {""digit"": 9, ""expected_pct"": 4.6, ""observed_pct"": 10.5, ""count"": 2}], ""explanation"": ""Significant first-digit frequency divergence detected (MAD=0.0881). Digits 3 and 4 appear abnormally frequent compared to expected logarithmic distribution.""}","{""score"": 71.3, ""hhi_score"": 3393, ""concentration_level"": ""HIGH VENDOR CONCENTRATION - INCREASED RISK"", ""vendor_shares"": [{""vendor_name"": ""Local Contractor Ltd."", ""expenditure"": 11218000.0, ""share_pct"": 48.5}, {""vendor_name"": ""Jaipur Lights Co."", ""expenditure"": 6477000.0, ""share_pct"": 28.0}, {""vendor_name"": ""Apex Civil Infra Ltd."", ""expenditure"": 3303000.0, ""share_pct"": 14.3}, {""vendor_name"": ""Singh Builders"", ""expenditure"": 1440000.0, ""share_pct"": 6.2}, {""vendor_name"": ""Sharma Contractors"", ""expenditure"": 672000.0, ""share_pct"": 2.9}], ""target_vendor_share"": 14.3, ""explanation"": ""District exhibits high vendor concentration (HHI: 3393). Top contractor 'Local Contractor Ltd.' commands 48.5% of total sanctioned expenditure.""}","{""score"": 18.1, ""photo_similarity_pct"": 18.1, ""text_similarity_pct"": 35.0, ""geo_distance_m"": 4500.0, ""geo_relationship"": ""Normal Proximity"", ""combined_confidence"": ""LOW"", ""explanation"": ""No duplicate works detected.""}","Multi-signal prioritization: elevated risk driven primarily by Benford's Law Deviation, Vendor Concentration (HHI). Full evidence receipts available for human review.",2026-09-05 12:17:00.227889
13,13,39.0,LOW,4.7,0.3,28.7,0.2,100.0,0.15,69.0,0.15,32.7,0.2,"{""score"": 4.7, ""items_analyzed"": 2, ""avg_variance_pct"": 2.8, ""high_variance_items"": 0, ""evidence_table"": [{""item_name"": ""RO Water Purifier Commercial"", ""reported_price"": 81600.0, ""gem_reference_price"": 85000.0, ""quantity"": 3.0, ""unit"": ""Each"", ""absolute_difference"": -3400.0, ""variance_pct"": -4.0, ""match_confidence"": 100.0, ""risk_badge"": ""Normal""}, {""item_name"": ""High Mast Light (12.5m)"", ""reported_price"": 192400.0, ""gem_reference_price"": 185000.0, ""quantity"": 3.0, ""unit"": ""Each"", ""absolute_difference"": 7400.0, ""variance_pct"": 4.0, ""match_confidence"": 100.0, ""risk_badge"": ""Normal""}], ""explanation"": ""Item prices are aligned with GeM market reference rates within acceptable tolerance.""}","{""score"": 28.7, ""observed_value"": 1236000.0, ""median"": 1453500.0, ""q1"": 1042250.0, ""q3"": 1837000.0, ""iqr"": 794750.0, ""lower_bound"": 0.0, ""upper_bound"": 3029125.0, ""outlier_status"": ""WITHIN STATISTICAL BOUNDS"", ""outlier_level"": ""GREEN"", ""cohort_count"": 4, ""explanation"": ""Expenditure \u20b91,236,000 is within normal interquartile distribution range for District: Surat.""}","{""score"": 100.0, ""mad"": 0.0741, ""deviation_status"": ""STATISTICAL DEVIATION DETECTED"", ""distribution"": [{""digit"": 1, ""expected_pct"": 30.1, ""observed_pct"": 5.3, ""count"": 1}, {""digit"": 2, ""expected_pct"": 17.6, ""observed_pct"": 15.8, ""count"": 3}, {""digit"": 3, ""expected_pct"": 12.5, ""observed_pct"": 21.1, ""count"": 4}, {""digit"": 4, ""expected_pct"": 9.7, ""observed_pct"": 10.5, ""count"": 2}, {""digit"": 5, ""expected_pct"": 7.9, ""observed_pct"": 10.5, ""count"": 2}, {""digit"": 6, ""expected_pct"": 6.7, ""observed_pct"": 0.0, ""count"": 0}, {""digit"": 7, ""expected_pct"": 5.8, ""observed_pct"": 10.5, ""count"": 2}, {""digit"": 8, ""expected_pct"": 5.1, ""observed_pct"": 15.8, ""count"": 3}, {""digit"": 9, ""expected_pct"": 4.6, ""observed_pct"": 10.5, ""count"": 2}], ""explanation"": ""Significant first-digit frequency divergence detected (MAD=0.0741). Digits 3 and 4 appear abnormally frequent compared to expected logarithmic distribution.""}","{""score"": 69.0, ""hhi_score"": 3070, ""concentration_level"": ""HIGH VENDOR CONCENTRATION - INCREASED RISK"", ""vendor_shares"": [{""vendor_name"": ""Reliance Infra"", ""expenditure"": 2335000.0, ""share_pct"": 40.9}, {""vendor_name"": ""Local Contractor Ltd."", ""expenditure"": 1671000.0, ""share_pct"": 29.3}, {""vendor_name"": ""Singh Builders"", ""expenditure"": 1236000.0, ""share_pct"": 21.7}, {""vendor_name"": ""Sharma Contractors"", ""expenditure"": 461000.0, ""share_pct"": 8.1}], ""target_vendor_share"": 21.7, ""explanation"": ""District exhibits high vendor concentration (HHI: 3070). Top contractor 'Reliance Infra' commands 40.9% of total sanctioned expenditure.""}","{""score"": 32.7, ""photo_similarity_pct"": 32.7, ""text_similarity_pct"": 35.0, ""geo_distance_m"": 4500.0, ""geo_relationship"": ""Normal Proximity"", ""combined_confidence"": ""LOW"", ""explanation"": ""No duplicate works detected.""}","Multi-signal prioritization: elevated risk driven primarily by Benford's Law Deviation, Vendor Concentration (HHI). Full evidence receipts available for human review.",2026-09-05 12:17:00.239446
14,14,73.0,MEDIUM,80.5,0.3,33.9,0.2,100.0,0.15,71.3,0.15,84.0,0.2,"{""score"": 80.5, ""items_analyzed"": 2, ""avg_variance_pct"": 48.3, ""high_variance_items"": 2, ""evidence_table"": [{""item_name"": ""RO Water Purifier Commercial"", ""reported_price"": 131750.0, ""gem_reference_price"": 85000.0, ""quantity"": 3.0, ""unit"": ""Each"", ""absolute_difference"": 46750.0, ""variance_pct"": 55.0, ""match_confidence"": 100.0, ""risk_badge"": ""High""}, {""item_name"": ""High Mast Light (12.5m)"", ""reported_price"": 268250.0, ""gem_reference_price"": 185000.0, ""quantity"": 3.0, ""unit"": ""Each"", ""absolute_difference"": 83250.0, ""variance_pct"": 45.0, ""match_confidence"": 100.0, ""risk_badge"": ""High""}], ""explanation"": ""2 item(s) exhibit price variances above GeM benchmark (+48.3% avg variance). Requires review for local transport, specifications, or tax variations.""}","{""score"": 33.9, ""observed_value"": 2090000.0, ""median"": 2090000.0, ""q1"": 1056000.0, ""q3"": 2808000.0, ""iqr"": 1752000.0, ""lower_bound"": 0.0, ""upper_bound"": 5436000.0, ""outlier_status"": ""WITHIN STATISTICAL BOUNDS"", ""outlier_level"": ""GREEN"", ""cohort_count"": 11, ""explanation"": ""Expenditure \u20b92,090,000 is within normal interquartile distribution range for District: Jaipur.""}","{""score"": 100.0, ""mad"": 0.0999, ""deviation_status"": ""STATISTICAL DEVIATION DETECTED"", ""distribution"": [{""digit"": 1, ""expected_pct"": 30.1, ""observed_pct"": 0.0, ""count"": 0}, {""digit"": 2, ""expected_pct"": 17.6, ""observed_pct"": 26.3, ""count"": 5}, {""digit"": 3, ""expected_pct"": 12.5, ""observed_pct"": 15.8, ""count"": 3}, {""digit"": 4, ""expected_pct"": 9.7, ""observed_pct"": 5.3, ""count"": 1}, {""digit"": 5, ""expected_pct"": 7.9, ""observed_pct"": 10.5, ""count"": 2}, {""digit"": 6, ""expected_pct"": 6.7, ""observed_pct"": 15.8, ""count"": 3}, {""digit"": 7, ""expected_pct"": 5.8, ""observed_pct"": 0.0, ""count"": 0}, {""digit"": 8, ""expected_pct"": 5.1, ""observed_pct"": 26.3, ""count"": 5}, {""digit"": 9, ""expected_pct"": 4.6, ""observed_pct"": 0.0, ""count"": 0}], ""explanation"": ""Significant first-digit frequency divergence detected (MAD=0.0999). Digits 3 and 4 appear abnormally frequent compared to expected logarithmic distribution.""}","{""score"": 71.3, ""hhi_score"": 3393, ""concentration_level"": ""HIGH VENDOR CONCENTRATION - INCREASED RISK"", ""vendor_shares"": [{""vendor_name"": ""Local Contractor Ltd."", ""expenditure"": 11218000.0, ""share_pct"": 48.5}, {""vendor_name"": ""Jaipur Lights Co."", ""expenditure"": 6477000.0, ""share_pct"": 28.0}, {""vendor_name"": ""Apex Civil Infra Ltd."", ""expenditure"": 3303000.0, ""share_pct"": 14.3}, {""vendor_name"": ""Singh Builders"", ""expenditure"": 1440000.0, ""share_pct"": 6.2}, {""vendor_name"": ""Sharma Contractors"", ""expenditure"": 672000.0, ""share_pct"": 2.9}], ""target_vendor_share"": 28.0, ""explanation"": ""District exhibits high vendor concentration (HHI: 3393). Top contractor 'Local Contractor Ltd.' commands 48.5% of total sanctioned expenditure.""}","{""score"": 84.0, ""photo_similarity_pct"": 84.0, ""text_similarity_pct"": 87.0, ""geo_distance_m"": 115.0, ""geo_relationship"": ""115m [suspicious]"", ""combined_confidence"": ""HIGH"", ""explanation"": ""High perceptual hash match and geographic colocation flagged.""}","Multi-signal prioritization: elevated risk driven primarily by Price Anomaly (GeM Benchmark), Benford's Law Deviation, Vendor Concentration (HHI), Photo & Geo Similarity. Full evidence receipts available for human review.",2026-09-05 12:17:00.244812
15,15,36.0,LOW,2.2,0.3,29.7,0.2,85.5,0.15,62.8,0.15,36.9,0.2,"{""score"": 2.2, ""items_analyzed"": 2, ""avg_variance_pct"": 1.3, ""high_variance_items"": 0, ""evidence_table"": [{""item_name"": ""Steel (TMT Bar)"", ""reported_price"": 60320.0, ""gem_reference_price"": 58000.0, ""quantity"": 2.0, ""unit"": ""Metric Ton"", ""absolute_difference"": 2320.0, ""variance_pct"": 4.0, ""match_confidence"": 100.0, ""risk_badge"": ""Normal""}, {""item_name"": ""Computer (Desktop)"", ""reported_price"": 41650.0, ""gem_reference_price"": 42500.0, ""quantity"": 6.0, ""unit"": ""Each"", ""absolute_difference"": -850.0, ""variance_pct"": -2.0, ""match_confidence"": 100.0, ""risk_badge"": ""Normal""}], ""explanation"": ""Item prices are aligned with GeM market reference rates within acceptable tolerance.""}","{""score"": 29.7, ""observed_value"": 1948000.0, ""median"": 2234000.0, ""q1"": 1055750.0, ""q3"": 3913500.0, ""iqr"": 2857750.0, ""lower_bound"": 0.0, ""upper_bound"": 8200125.0, ""outlier_status"": ""WITHIN STATISTICAL BOUNDS"", ""outlier_level"": ""GREEN"", ""cohort_count"": 12, ""explanation"": ""Expenditure \u20b91,948,000 is within normal interquartile distribution range for District: Patna.""}","{""score"": 85.5, ""mad"": 0.0303, ""deviation_status"": ""STATISTICAL DEVIATION DETECTED"", ""distribution"": [{""digit"": 1, ""expected_pct"": 30.1, ""observed_pct"": 31.6, ""count"": 6}, {""digit"": 2, ""expected_pct"": 17.6, ""observed_pct"": 21.1, ""count"": 4}, {""digit"": 3, ""expected_pct"": 12.5, ""observed_pct"": 10.5, ""count"": 2}, {""digit"": 4, ""expected_pct"": 9.7, ""observed_pct"": 5.3, ""count"": 1}, {""digit"": 5, ""expected_pct"": 7.9, ""observed_pct"": 5.3, ""count"": 1}, {""digit"": 6, ""expected_pct"": 6.7, ""observed_pct"": 10.5, ""count"": 2}, {""digit"": 7, ""expected_pct"": 5.8, ""observed_pct"": 10.5, ""count"": 2}, {""digit"": 8, ""expected_pct"": 5.1, ""observed_pct"": 5.3, ""count"": 1}, {""digit"": 9, ""expected_pct"": 4.6, ""observed_pct"": 0.0, ""count"": 0}], ""explanation"": ""Significant first-digit frequency divergence detected (MAD=0.0303). Digits 3 and 4 appear abnormally frequent compared to expected logarithmic distribution.""}","{""score"": 62.8, ""hhi_score"": 2411, ""concentration_level"": ""MODERATE CONCENTRATION"", ""vendor_shares"": [{""vendor_name"": ""Singh Builders"", ""expenditure"": 10584000.0, ""share_pct"": 33.0}, {""vendor_name"": ""Apex Civil Infra Ltd."", ""expenditure"": 9615000.0, ""share_pct"": 29.9}, {""vendor_name"": ""Local Contractor Ltd."", ""expenditure"": 5227000.0, ""share_pct"": 16.3}, {""vendor_name"": ""Sharma Contractors"", ""expenditure"": 3039000.0, ""share_pct"": 9.5}, {""vendor_name"": ""Jaipur Lights Co."", ""expenditure"": 2520000.0, ""share_pct"": 7.8}, {""vendor_name"": ""Reliance Infra"", ""expenditure"": 1129000.0, ""share_pct"": 3.5}], ""target_vendor_share"": 29.9, ""explanation"": ""Moderate vendor concentration (HHI: 2411). Monitored for potential single-source trends.""}","{""score"": 36.9, ""photo_similarity_pct"": 36.9, ""text_similarity_pct"": 35.0, ""geo_distance_m"": 4500.0, ""geo_relationship"": ""Normal Proximity"", ""combined_confidence"": ""LOW"", ""explanation"": ""No duplicate works detected.""}","Multi-signal prioritization: elevated risk driven primarily by Benford's Law Deviation, Vendor Concentration (HHI). Full evidence receipts available for human review.",2026-09-05 12:17:00.244812
16,16,39.0,LOW,10.5,0.3,26.8,0.2,100.0,0.15,71.9,0.15,23.8,0.2,"{""score"": 10.5, ""items_analyzed"": 2, ""avg_variance_pct"": 6.3, ""high_variance_items"": 0, ""evidence_table"": [{""item_name"": ""Water Pump (5 HP)"", ""reported_price"": 25920.0, ""gem_reference_price"": 24000.0, ""quantity"": 14.0, ""unit"": ""Each"", ""absolute_difference"": 1920.0, ""variance_pct"": 8.0, ""match_confidence"": 100.0, ""risk_badge"": ""Normal""}, {""item_name"": ""Solar Panel (300W)"", ""reported_price"": 12928.0, ""gem_reference_price"": 12800.0, ""quantity"": 9.0, ""unit"": ""Each"", ""absolute_difference"": 128.0, ""variance_pct"": 1.0, ""match_confidence"": 100.0, ""risk_badge"": ""Normal""}], ""explanation"": ""Item prices are aligned with GeM market reference rates within acceptable tolerance.""}","{""score"": 26.8, ""observed_value"": 1096000.0, ""median"": 1979000.0, ""q1"": 928000.0, ""q3"": 2299500.0, ""iqr"": 1371500.0, ""lower_bound"": 0.0, ""upper_bound"": 4356750.0, ""outlier_status"": ""WITHIN STATISTICAL BOUNDS"", ""outlier_level"": ""GREEN"", ""cohort_count"": 11, ""explanation"": ""Expenditure \u20b91,096,000 is within normal interquartile distribution range for District: Banaskantha.""}","{""score"": 100.0, ""mad"": 0.0749, ""deviation_status"": ""STATISTICAL DEVIATION DETECTED"", ""distribution"": [{""digit"": 1, ""expected_pct"": 30.1, ""observed_pct"": 26.3, ""count"": 5}, {""digit"": 2, ""expected_pct"": 17.6, ""observed_pct"": 5.3, ""count"": 1}, {""digit"": 3, ""expected_pct"": 12.5, ""observed_pct"": 21.1, ""count"": 4}, {""digit"": 4, ""expected_pct"": 9.7, ""observed_pct"": 0.0, ""count"": 0}, {""digit"": 5, ""expected_pct"": 7.9, ""observed_pct"": 0.0, ""count"": 0}, {""digit"": 6, ""expected_pct"": 6.7, ""observed_pct"": 15.8, ""count"": 3}, {""digit"": 7, ""expected_pct"": 5.8, ""observed_pct"": 15.8, ""count"": 3}, {""digit"": 8, ""expected_pct"": 5.1, ""observed_pct"": 10.5, ""count"": 2}, {""digit"": 9, ""expected_pct"": 4.6, ""observed_pct"": 5.3, ""count"": 1}], ""explanation"": ""Significant first-digit frequency divergence detected (MAD=0.0749). Digits 3 and 4 appear abnormally frequent compared to expected logarithmic distribution.""}","{""score"": 71.9, ""hhi_score"": 3482, ""concentration_level"": ""HIGH VENDOR CONCENTRATION - INCREASED RISK"", ""vendor_shares"": [{""vendor_name"": ""Sharma Contractors"", ""expenditure"": 11379000.0, ""share_pct"": 52.7}, {""vendor_name"": ""Apex Civil Infra Ltd."", ""expenditure"": 4149000.0, ""share_pct"": 19.2}, {""vendor_name"": ""Local Contractor Ltd."", ""expenditure"": 3470000.0, ""share_pct"": 16.1}, {""vendor_name"": ""Singh Builders"", ""expenditure"": 1487000.0, ""share_pct"": 6.9}, {""vendor_name"": ""Reliance Infra"", ""expenditure"": 1096000.0, ""share_pct"": 5.1}], ""target_vendor_share"": 5.1, ""explanation"": ""District exhibits high vendor concentration (HHI: 3482). Top contractor 'Sharma Contractors' commands 52.7% of total sanctioned expenditure.""}","{""score"": 23.8, ""photo_similarity_pct"": 23.8, ""text_similarity_pct"": 35.0, ""geo_distance_m"": 4500.0, ""geo_relationship"": ""Normal Proximity"", ""combined_confidence"": ""LOW"", ""explanation"": ""No duplicate works detected.""}","Multi-signal prioritization: elevated risk driven primarily by Benford's Law Deviation, Vendor Concentration (HHI). Full evidence receipts available for human review.",2026-09-05 12:17:00.244812
17,17,39.0,LOW,12.0,0.3,22.9,0.2,100.0,0.15,62.8,0.15,30.4,0.2,"{""score"": 12.0, ""items_analyzed"": 2, ""avg_variance_pct"": 7.2, ""high_variance_items"": 0, ""evidence_table"": [{""item_name"": ""RO Water Purifier Commercial"", ""reported_price"": 95200.0, ""gem_reference_price"": 85000.0, ""quantity"": 4.0, ""unit"": ""Each"", ""absolute_difference"": 10200.0, ""variance_pct"": 12.0, ""match_confidence"": 100.0, ""risk_badge"": ""Normal""}, {""item_name"": ""High Mast Light (12.5m)"", ""reported_price"": 192400.0, ""gem_reference_price"": 185000.0, ""quantity"": 3.0, ""unit"": ""Each"", ""absolute_difference"": 7400.0, ""variance_pct"": 4.0, ""match_confidence"": 100.0, ""risk_badge"": ""Normal""}], ""explanation"": ""Item prices are aligned with GeM market reference rates within acceptable tolerance.""}","{""score"": 22.9, ""observed_value"": 652000.0, ""median"": 2234000.0, ""q1"": 1055750.0, ""q3"": 3913500.0, ""iqr"": 2857750.0, ""lower_bound"": 0.0, ""upper_bound"": 8200125.0, ""outlier_status"": ""WITHIN STATISTICAL BOUNDS"", ""outlier_level"": ""GREEN"", ""cohort_count"": 12, ""explanation"": ""Expenditure \u20b9652,000 is within normal interquartile distribution range for District: Patna.""}","{""score"": 100.0, ""mad"": 0.0695, ""deviation_status"": ""STATISTICAL DEVIATION DETECTED"", ""distribution"": [{""digit"": 1, ""expected_pct"": 30.1, ""observed_pct"": 10.5, ""count"": 2}, {""digit"": 2, ""expected_pct"": 17.6, ""observed_pct"": 10.5, ""count"": 2}, {""digit"": 3, ""expected_pct"": 12.5, ""observed_pct"": 10.5, ""count"": 2}, {""digit"": 4, ""expected_pct"": 9.7, ""observed_pct"": 10.5, ""count"": 2}, {""digit"": 5, ""expected_pct"": 7.9, ""observed_pct"": 5.3, ""count"": 1}, {""digit"": 6, ""expected_pct"": 6.7, ""observed_pct"": 15.8, ""count"": 3}, {""digit"": 7, ""expected_pct"": 5.8, ""observed_pct"": 15.8, ""count"": 3}, {""digit"": 8, ""expected_pct"": 5.1, ""observed_pct"": 15.8, ""count"": 3}, {""digit"": 9, ""expected_pct"": 4.6, ""observed_pct"": 5.3, ""count"": 1}], ""explanation"": ""Significant first-digit frequency divergence detected (MAD=0.0695). Digits 3 and 4 appear abnormally frequent compared to expected logarithmic distribution.""}","{""score"": 62.8, ""hhi_score"": 2411, ""concentration_level"": ""MODERATE CONCENTRATION"", ""vendor_shares"": [{""vendor_name"": ""Singh Builders"", ""expenditure"": 10584000.0, ""share_pct"": 33.0}, {""vendor_name"": ""Apex Civil Infra Ltd."", ""expenditure"": 9615000.0, ""share_pct"": 29.9}, {""vendor_name"": ""Local Contractor Ltd."", ""expenditure"": 5227000.0, ""share_pct"": 16.3}, {""vendor_name"": ""Sharma Contractors"", ""expenditure"": 3039000.0, ""share_pct"": 9.5}, {""vendor_name"": ""Jaipur Lights Co."", ""expenditure"": 2520000.0, ""share_pct"": 7.8}, {""vendor_name"": ""Reliance Infra"", ""expenditure"": 1129000.0, ""share_pct"": 3.5}], ""target_vendor_share"": 3.5, ""explanation"": ""Moderate vendor concentration (HHI: 2411). Monitored for potential single-source trends.""}","{""score"": 30.4, ""photo_similarity_pct"": 30.4, ""text_similarity_pct"": 35.0, ""geo_distance_m"": 4500.0, ""geo_relationship"": ""Normal Proximity"", ""combined_confidence"": ""LOW"", ""explanation"": ""No duplicate works detected.""}","Multi-signal prioritization: elevated risk driven primarily by Benford's Law Deviation, Vendor Concentration (HHI). Full evidence receipts available for human review.",2026-09-05 12:17:00.244812
18,18,63.0,MEDIUM,89.4,0.3,21.7,0.2,100.0,0.15,71.3,0.15,30.9,0.2,"{""score"": 89.4, ""items_analyzed"": 2, ""avg_variance_pct"": 53.6, ""high_variance_items"": 2, ""evidence_table"": [{""item_name"": ""LED Street Light (100W)"", ""reported_price"": 17360.0, ""gem_reference_price"": 11200.0, ""quantity"": 8.0, ""unit"": ""Each"", ""absolute_difference"": 6160.0, ""variance_pct"": 55.0, ""match_confidence"": 100.0, ""risk_badge"": ""High""}, {""item_name"": ""Cement (Grade 53)"", ""reported_price"": 551.0, ""gem_reference_price"": 380.0, ""quantity"": 40.0, ""unit"": ""Bag (50kg)"", ""absolute_difference"": 171.0, ""variance_pct"": 45.0, ""match_confidence"": 100.0, ""risk_badge"": ""High""}], ""explanation"": ""2 item(s) exhibit price variances above GeM benchmark (+53.6% avg variance). Requires review for local transport, specifications, or tax variations.""}","{""score"": 21.7, ""observed_value"": 671000.0, ""median"": 2090000.0, ""q1"": 1056000.0, ""q3"": 2808000.0, ""iqr"": 1752000.0, ""lower_bound"": 0.0, ""upper_bound"": 5436000.0, ""outlier_status"": ""WITHIN STATISTICAL BOUNDS"", ""outlier_level"": ""GREEN"", ""cohort_count"": 11, ""explanation"": ""Expenditure \u20b9671,000 is within normal interquartile distribution range for District: Jaipur.""}","{""score"": 100.0, ""mad"": 0.0852, ""deviation_status"": ""STATISTICAL DEVIATION DETECTED"", ""distribution"": [{""digit"": 1, ""expected_pct"": 30.1, ""observed_pct"": 10.5, ""count"": 2}, {""digit"": 2, ""expected_pct"": 17.6, ""observed_pct"": 5.3, ""count"": 1}, {""digit"": 3, ""expected_pct"": 12.5, ""observed_pct"": 10.5, ""count"": 2}, {""digit"": 4, ""expected_pct"": 9.7, ""observed_pct"": 5.3, ""count"": 1}, {""digit"": 5, ""expected_pct"": 7.9, ""observed_pct"": 10.5, ""count"": 2}, {""digit"": 6, ""expected_pct"": 6.7, ""observed_pct"": 15.8, ""count"": 3}, {""digit"": 7, ""expected_pct"": 5.8, ""observed_pct"": 10.5, ""count"": 2}, {""digit"": 8, ""expected_pct"": 5.1, ""observed_pct"": 26.3, ""count"": 5}, {""digit"": 9, ""expected_pct"": 4.6, ""observed_pct"": 5.3, ""count"": 1}], ""explanation"": ""Significant first-digit frequency divergence detected (MAD=0.0852). Digits 3 and 4 appear abnormally frequent compared to expected logarithmic distribution.""}","{""score"": 71.3, ""hhi_score"": 3393, ""concentration_level"": ""HIGH VENDOR CONCENTRATION - INCREASED RISK"", ""vendor_shares"": [{""vendor_name"": ""Local Contractor Ltd."", ""expenditure"": 11218000.0, ""share_pct"": 48.5}, {""vendor_name"": ""Jaipur Lights Co."", ""expenditure"": 6477000.0, ""share_pct"": 28.0}, {""vendor_name"": ""Apex Civil Infra Ltd."", ""expenditure"": 3303000.0, ""share_pct"": 14.3}, {""vendor_name"": ""Singh Builders"", ""expenditure"": 1440000.0, ""share_pct"": 6.2}, {""vendor_name"": ""Sharma Contractors"", ""expenditure"": 672000.0, ""share_pct"": 2.9}], ""target_vendor_share"": 48.5, ""explanation"": ""District exhibits high vendor concentration (HHI: 3393). Top contractor 'Local Contractor Ltd.' commands 48.5% of total sanctioned expenditure.""}","{""score"": 30.9, ""photo_similarity_pct"": 30.9, ""text_similarity_pct"": 35.0, ""geo_distance_m"": 4500.0, ""geo_relationship"": ""Normal Proximity"", ""combined_confidence"": ""LOW"", ""explanation"": ""No duplicate works detected.""}","Multi-signal prioritization: elevated risk driven primarily by Price Anomaly (GeM Benchmark), Benford's Law Deviation, Vendor Concentration (HHI). Full evidence receipts available for human review.",2026-09-05 12:17:00.261396
19,19,43.0,LOW,0.0,0.3,50.0,0.2,100.0,0.15,71.3,0.15,36.3,0.2,"{""score"": 0.0, ""items_analyzed"": 2, ""avg_variance_pct"": 0.0, ""high_variance_items"": 0, ""evidence_table"": [{""item_name"": ""Steel (TMT Bar)"", ""reported_price"": 55680.0, ""gem_reference_price"": 58000.0, ""quantity"": 3.0, ""unit"": ""Metric Ton"", ""absolute_difference"": -2320.0, ""variance_pct"": -4.0, ""match_confidence"": 100.0, ""risk_badge"": ""Normal""}, {""item_name"": ""Computer (Desktop)"", ""reported_price"": 41650.0, ""gem_reference_price"": 42500.0, ""quantity"": 9.0, ""unit"": ""Each"", ""absolute_difference"": -850.0, ""variance_pct"": -2.0, ""match_confidence"": 100.0, ""risk_badge"": ""Normal""}], ""explanation"": ""Item prices are aligned with GeM market reference rates within acceptable tolerance.""}","{""score"": 50.0, ""observed_value"": 4496000.0, ""median"": 2090000.0, ""q1"": 1056000.0, ""q3"": 2808000.0, ""iqr"": 1752000.0, ""lower_bound"": 0.0, ""upper_bound"": 5436000.0, ""outlier_status"": ""WITHIN STATISTICAL BOUNDS"", ""outlier_level"": ""GREEN"", ""cohort_count"": 11, ""explanation"": ""Expenditure \u20b94,496,000 is within normal interquartile distribution range for District: Jaipur.""}","{""score"": 100.0, ""mad"": 0.0721, ""deviation_status"": ""STATISTICAL DEVIATION DETECTED"", ""distribution"": [{""digit"": 1, ""expected_pct"": 30.1, ""observed_pct"": 10.5, ""count"": 2}, {""digit"": 2, ""expected_pct"": 17.6, ""observed_pct"": 5.3, ""count"": 1}, {""digit"": 3, ""expected_pct"": 12.5, ""observed_pct"": 15.8, ""count"": 3}, {""digit"": 4, ""expected_pct"": 9.7, ""observed_pct"": 21.1, ""count"": 4}, {""digit"": 5, ""expected_pct"": 7.9, ""observed_pct"": 10.5, ""count"": 2}, {""digit"": 6, ""expected_pct"": 6.7, ""observed_pct"": 10.5, ""count"": 2}, {""digit"": 7, ""expected_pct"": 5.8, ""observed_pct"": 5.3, ""count"": 1}, {""digit"": 8, ""expected_pct"": 5.1, ""observed_pct"": 10.5, ""count"": 2}, {""digit"": 9, ""expected_pct"": 4.6, ""observed_pct"": 10.5, ""count"": 2}], ""explanation"": ""Significant first-digit frequency divergence detected (MAD=0.0721). Digits 3 and 4 appear abnormally frequent compared to expected logarithmic distribution.""}","{""score"": 71.3, ""hhi_score"": 3393, ""concentration_level"": ""HIGH VENDOR CONCENTRATION - INCREASED RISK"", ""vendor_shares"": [{""vendor_name"": ""Local Contractor Ltd."", ""expenditure"": 11218000.0, ""share_pct"": 48.5}, {""vendor_name"": ""Jaipur Lights Co."", ""expenditure"": 6477000.0, ""share_pct"": 28.0}, {""vendor_name"": ""Apex Civil Infra Ltd."", ""expenditure"": 3303000.0, ""share_pct"": 14.3}, {""vendor_name"": ""Singh Builders"", ""expenditure"": 1440000.0, ""share_pct"": 6.2}, {""vendor_name"": ""Sharma Contractors"", ""expenditure"": 672000.0, ""share_pct"": 2.9}], ""target_vendor_share"": 48.5, ""explanation"": ""District exhibits high vendor concentration (HHI: 3393). Top contractor 'Local Contractor Ltd.' commands 48.5% of total sanctioned expenditure.""}","{""score"": 36.3, ""photo_similarity_pct"": 36.3, ""text_similarity_pct"": 35.0, ""geo_distance_m"": 4500.0, ""geo_relationship"": ""Normal Proximity"", ""combined_confidence"": ""LOW"", ""explanation"": ""No duplicate works detected.""}","Multi-signal prioritization: elevated risk driven primarily by Benford's Law Deviation, Vendor Concentration (HHI). Full evidence receipts available for human review.",2026-09-05 12:17:00.261396
20,20,39.0,LOW,0.5,0.3,38.6,0.2,100.0,0.15,70.7,0.15,27.5,0.2,"{""score"": 0.5, ""items_analyzed"": 2, ""avg_variance_pct"": 0.3, ""high_variance_items"": 0, ""evidence_table"": [{""item_name"": ""Water Pump (5 HP)"", ""reported_price"": 24000.0, ""gem_reference_price"": 24000.0, ""quantity"": 14.0, ""unit"": ""Each"", ""absolute_difference"": 0.0, ""variance_pct"": 0.0, ""match_confidence"": 100.0, ""risk_badge"": ""Normal""}, {""item_name"": ""Solar Panel (300W)"", ""reported_price"": 12928.0, ""gem_reference_price"": 12800.0, ""quantity"": 12.0, ""unit"": ""Each"", ""absolute_difference"": 128.0, ""variance_pct"": 1.0, ""match_confidence"": 100.0, ""risk_badge"": ""Normal""}], ""explanation"": ""Item prices are aligned with GeM market reference rates within acceptable tolerance.""}","{""score"": 38.6, ""observed_value"": 1721000.0, ""median"": 967500.0, ""q1"": 685250.0, ""q3"": 1828250.0, ""iqr"": 1143000.0, ""lower_bound"": 0.0, ""upper_bound"": 3542750.0, ""outlier_status"": ""WITHIN STATISTICAL BOUNDS"", ""outlier_level"": ""GREEN"", ""cohort_count"": 8, ""explanation"": ""Expenditure \u20b91,721,000 is within normal interquartile distribution range for District: Rohtas.""}","{""score"": 100.0, ""mad"": 0.0531, ""deviation_status"": ""STATISTICAL DEVIATION DETECTED"", ""distribution"": [{""digit"": 1, ""expected_pct"": 30.1, ""observed_pct"": 21.1, ""count"": 4}, {""digit"": 2, ""expected_pct"": 17.6, ""observed_pct"": 5.3, ""count"": 1}, {""digit"": 3, ""expected_pct"": 12.5, ""observed_pct"": 10.5, ""count"": 2}, {""digit"": 4, ""expected_pct"": 9.7, ""observed_pct"": 15.8, ""count"": 3}, {""digit"": 5, ""expected_pct"": 7.9, ""observed_pct"": 15.8, ""count"": 3}, {""digit"": 6, ""expected_pct"": 6.7, ""observed_pct"": 10.5, ""count"": 2}, {""digit"": 7, ""expected_pct"": 5.8, ""observed_pct"": 5.3, ""count"": 1}, {""digit"": 8, ""expected_pct"": 5.1, ""observed_pct"": 10.5, ""count"": 2}, {""digit"": 9, ""expected_pct"": 4.6, ""observed_pct"": 5.3, ""count"": 1}], ""explanation"": ""Significant first-digit frequency divergence detected (MAD=0.0531). Digits 3 and 4 appear abnormally frequent compared to expected logarithmic distribution.""}","{""score"": 70.7, ""hhi_score"": 3316, ""concentration_level"": ""HIGH VENDOR CONCENTRATION - INCREASED RISK"", ""vendor_shares"": [{""vendor_name"": ""Local Contractor Ltd."", ""expenditure"": 4586000.0, ""share_pct"": 43.3}, {""vendor_name"": ""Reliance Infra"", ""expenditure"": 3478000.0, ""share_pct"": 32.8}, {""vendor_name"": ""Sharma Contractors"", ""expenditure"": 1935000.0, ""share_pct"": 18.3}, {""vendor_name"": ""Jaipur Lights Co."", ""expenditure"": 596000.0, ""share_pct"": 5.6}], ""target_vendor_share"": 43.3, ""explanation"": ""District exhibits high vendor concentration (HHI: 3316). Top contractor 'Local Contractor Ltd.' commands 43.3% of total sanctioned expenditure.""}","{""score"": 27.5, ""photo_similarity_pct"": 27.5, ""text_similarity_pct"": 35.0, ""geo_distance_m"": 4500.0, ""geo_relationship"": ""Normal Proximity"", ""combined_confidence"": ""LOW"", ""explanation"": ""No duplicate works detected.""}","Multi-signal prioritization: elevated risk driven primarily by Benford's Law Deviation, Vendor Concentration (HHI). Full evidence receipts available for human review.",2026-09-05 12:17:00.277596
21,21,43.0,LOW,6.7,0.3,41.6,0.2,100.0,0.15,68.1,0.15,37.3,0.2,"{""score"": 6.7, ""items_analyzed"": 2, ""avg_variance_pct"": 4.0, ""high_variance_items"": 0, ""evidence_table"": [{""item_name"": ""RO Water Purifier Commercial"", ""reported_price"": 88400.0, ""gem_reference_price"": 85000.0, ""quantity"": 2.0, ""unit"": ""Each"", ""absolute_difference"": 3400.0, ""variance_pct"": 4.0, ""match_confidence"": 100.0, ""risk_badge"": ""Normal""}, {""item_name"": ""High Mast Light (12.5m)"", ""reported_price"": 192400.0, ""gem_reference_price"": 185000.0, ""quantity"": 3.0, ""unit"": ""Each"", ""absolute_difference"": 7400.0, ""variance_pct"": 4.0, ""match_confidence"": 100.0, ""risk_badge"": ""Normal""}], ""explanation"": ""Item prices are aligned with GeM market reference rates within acceptable tolerance.""}","{""score"": 41.6, ""observed_value"": 5208000.0, ""median"": 3428000.0, ""q1"": 1500000.0, ""q3"": 4853000.0, ""iqr"": 3353000.0, ""lower_bound"": 0.0, ""upper_bound"": 9882500.0, ""outlier_status"": ""WITHIN STATISTICAL BOUNDS"", ""outlier_level"": ""GREEN"", ""cohort_count"": 5, ""explanation"": ""Expenditure \u20b95,208,000 is within normal interquartile distribution range for District: Pune.""}","{""score"": 100.0, ""mad"": 0.0551, ""deviation_status"": ""STATISTICAL DEVIATION DETECTED"", ""distribution"": [{""digit"": 1, ""expected_pct"": 30.1, ""observed_pct"": 10.5, ""count"": 2}, {""digit"": 2, ""expected_pct"": 17.6, ""observed_pct"": 15.8, ""count"": 3}, {""digit"": 3, ""expected_pct"": 12.5, ""observed_pct"": 10.5, ""count"": 2}, {""digit"": 4, ""expected_pct"": 9.7, ""observed_pct"": 10.5, ""count"": 2}, {""digit"": 5, ""expected_pct"": 7.9, ""observed_pct"": 10.5, ""count"": 2}, {""digit"": 6, ""expected_pct"": 6.7, ""observed_pct"": 5.3, ""count"": 1}, {""digit"": 7, ""expected_pct"": 5.8, ""observed_pct"": 15.8, ""count"": 3}, {""digit"": 8, ""expected_pct"": 5.1, ""observed_pct"": 10.5, ""count"": 2}, {""digit"": 9, ""expected_pct"": 4.6, ""observed_pct"": 10.5, ""count"": 2}], ""explanation"": ""Significant first-digit frequency divergence detected (MAD=0.0551). Digits 3 and 4 appear abnormally frequent compared to expected logarithmic distribution.""}","{""score"": 68.1, ""hhi_score"": 2940, ""concentration_level"": ""HIGH VENDOR CONCENTRATION - INCREASED RISK"", ""vendor_shares"": [{""vendor_name"": ""Sharma Contractors"", ""expenditure"": 5872000.0, ""share_pct"": 37.5}, {""vendor_name"": ""Apex Civil Infra Ltd."", ""expenditure"": 4853000.0, ""share_pct"": 31.0}, {""vendor_name"": ""Jaipur Lights Co."", ""expenditure"": 3428000.0, ""share_pct"": 21.9}, {""vendor_name"": ""Reliance Infra"", ""expenditure"": 1500000.0, ""share_pct"": 9.6}], ""target_vendor_share"": 37.5, ""explanation"": ""District exhibits high vendor concentration (HHI: 2940). Top contractor 'Sharma Contractors' commands 37.5% of total sanctioned expenditure.""}","{""score"": 37.3, ""photo_similarity_pct"": 37.3, ""text_similarity_pct"": 35.0, ""geo_distance_m"": 4500.0, ""geo_relationship"": ""Normal Proximity"", ""combined_confidence"": ""LOW"", ""explanation"": ""No duplicate works detected.""}","Multi-signal prioritization: elevated risk driven primarily by Benford's Law Deviation, Vendor Concentration (HHI). Full evidence receipts available for human review.",2026-09-05 12:17:00.279331
22,22,61.0,MEDIUM,89.4,0.3,28.3,0.2,100.0,0.15,71.3,0.15,12.0,0.2,"{""score"": 89.4, ""items_analyzed"": 2, ""avg_variance_pct"": 53.6, ""high_variance_items"": 2, ""evidence_table"": [{""item_name"": ""LED Street Light (100W)"", ""reported_price"": 17360.0, ""gem_reference_price"": 11200.0, ""quantity"": 8.0, ""unit"": ""Each"", ""absolute_difference"": 6160.0, ""variance_pct"": 55.0, ""match_confidence"": 100.0, ""risk_badge"": ""High""}, {""item_name"": ""Cement (Grade 53)"", ""reported_price"": 551.0, ""gem_reference_price"": 380.0, ""quantity"": 40.0, ""unit"": ""Bag (50kg)"", ""absolute_difference"": 171.0, ""variance_pct"": 45.0, ""match_confidence"": 100.0, ""risk_badge"": ""High""}], ""explanation"": ""2 item(s) exhibit price variances above GeM benchmark (+53.6% avg variance). Requires review for local transport, specifications, or tax variations.""}","{""score"": 28.3, ""observed_value"": 1440000.0, ""median"": 2090000.0, ""q1"": 1056000.0, ""q3"": 2808000.0, ""iqr"": 1752000.0, ""lower_bound"": 0.0, ""upper_bound"": 5436000.0, ""outlier_status"": ""WITHIN STATISTICAL BOUNDS"", ""outlier_level"": ""GREEN"", ""cohort_count"": 11, ""explanation"": ""Expenditure \u20b91,440,000 is within normal interquartile distribution range for District: Jaipur.""}","{""score"": 100.0, ""mad"": 0.0447, ""deviation_status"": ""STATISTICAL DEVIATION DETECTED"", ""distribution"": [{""digit"": 1, ""expected_pct"": 30.1, ""observed_pct"": 10.5, ""count"": 2}, {""digit"": 2, ""expected_pct"": 17.6, ""observed_pct"": 21.1, ""count"": 4}, {""digit"": 3, ""expected_pct"": 12.5, ""observed_pct"": 21.1, ""count"": 4}, {""digit"": 4, ""expected_pct"": 9.7, ""observed_pct"": 10.5, ""count"": 2}, {""digit"": 5, ""expected_pct"": 7.9, ""observed_pct"": 10.5, ""count"": 2}, {""digit"": 6, ""expected_pct"": 6.7, ""observed_pct"": 10.5, ""count"": 2}, {""digit"": 7, ""expected_pct"": 5.8, ""observed_pct"": 5.3, ""count"": 1}, {""digit"": 8, ""expected_pct"": 5.1, ""observed_pct"": 5.3, ""count"": 1}, {""digit"": 9, ""expected_pct"": 4.6, ""observed_pct"": 5.3, ""count"": 1}], ""explanation"": ""Significant first-digit frequency divergence detected (MAD=0.0447). Digits 3 and 4 appear abnormally frequent compared to expected logarithmic distribution.""}","{""score"": 71.3, ""hhi_score"": 3393, ""concentration_level"": ""HIGH VENDOR CONCENTRATION - INCREASED RISK"", ""vendor_shares"": [{""vendor_name"": ""Local Contractor Ltd."", ""expenditure"": 11218000.0, ""share_pct"": 48.5}, {""vendor_name"": ""Jaipur Lights Co."", ""expenditure"": 6477000.0, ""share_pct"": 28.0}, {""vendor_name"": ""Apex Civil Infra Ltd."", ""expenditure"": 3303000.0, ""share_pct"": 14.3}, {""vendor_name"": ""Singh Builders"", ""expenditure"": 1440000.0, ""share_pct"": 6.2}, {""vendor_name"": ""Sharma Contractors"", ""expenditure"": 672000.0, ""share_pct"": 2.9}], ""target_vendor_share"": 6.2, ""explanation"": ""District exhibits high vendor concentration (HHI: 3393). Top contractor 'Local Contractor Ltd.' commands 48.5% of total sanctioned expenditure.""}","{""score"": 12.0, ""photo_similarity_pct"": 12.0, ""text_similarity_pct"": 35.0, ""geo_distance_m"": 4500.0, ""geo_relationship"": ""Normal Proximity"", ""combined_confidence"": ""LOW"", ""explanation"": ""No duplicate works detected.""}","Multi-signal prioritization: elevated risk driven primarily by Price Anomaly (GeM Benchmark), Benford's Law Deviation, Vendor Concentration (HHI). Full evidence receipts available for human review.",2026-09-05 12:17:00.279331
23,23,43.0,LOW,6.8,0.3,50.0,0.2,100.0,0.15,70.7,0.15,29.2,0.2,"{""score"": 6.8, ""items_analyzed"": 2, ""avg_variance_pct"": 4.1, ""high_variance_items"": 1, ""evidence_table"": [{""item_name"": ""Steel (TMT Bar)"", ""reported_price"": 64960.0, ""gem_reference_price"": 58000.0, ""quantity"": 4.0, ""unit"": ""Metric Ton"", ""absolute_difference"": 6960.0, ""variance_pct"": 12.0, ""match_confidence"": 100.0, ""risk_badge"": ""Normal""}, {""item_name"": ""Computer (Desktop)"", ""reported_price"": 41650.0, ""gem_reference_price"": 42500.0, ""quantity"": 12.0, ""unit"": ""Each"", ""absolute_difference"": -850.0, ""variance_pct"": -2.0, ""match_confidence"": 100.0, ""risk_badge"": ""Normal""}], ""explanation"": ""1 item(s) exhibit price variances above GeM benchmark (+4.1% avg variance). Requires review for local transport, specifications, or tax variations.""}","{""score"": 50.0, ""observed_value"": 3057000.0, ""median"": 967500.0, ""q1"": 685250.0, ""q3"": 1828250.0, ""iqr"": 1143000.0, ""lower_bound"": 0.0, ""upper_bound"": 3542750.0, ""outlier_status"": ""WITHIN STATISTICAL BOUNDS"", ""outlier_level"": ""GREEN"", ""cohort_count"": 8, ""explanation"": ""Expenditure \u20b93,057,000 is within normal interquartile distribution range for District: Rohtas.""}","{""score"": 100.0, ""mad"": 0.0814, ""deviation_status"": ""STATISTICAL DEVIATION DETECTED"", ""distribution"": [{""digit"": 1, ""expected_pct"": 30.1, ""observed_pct"": 0.0, ""count"": 0}, {""digit"": 2, ""expected_pct"": 17.6, ""observed_pct"": 26.3, ""count"": 5}, {""digit"": 3, ""expected_pct"": 12.5, ""observed_pct"": 15.8, ""count"": 3}, {""digit"": 4, ""expected_pct"": 9.7, ""observed_pct"": 10.5, ""count"": 2}, {""digit"": 5, ""expected_pct"": 7.9, ""observed_pct"": 15.8, ""count"": 3}, {""digit"": 6, ""expected_pct"": 6.7, ""observed_pct"": 5.3, ""count"": 1}, {""digit"": 7, ""expected_pct"": 5.8, ""observed_pct"": 10.5, ""count"": 2}, {""digit"": 8, ""expected_pct"": 5.1, ""observed_pct"": 0.0, ""count"": 0}, {""digit"": 9, ""expected_pct"": 4.6, ""observed_pct"": 15.8, ""count"": 3}], ""explanation"": ""Significant first-digit frequency divergence detected (MAD=0.0814). Digits 3 and 4 appear abnormally frequent compared to expected logarithmic distribution.""}","{""score"": 70.7, ""hhi_score"": 3316, ""concentration_level"": ""HIGH VENDOR CONCENTRATION - INCREASED RISK"", ""vendor_shares"": [{""vendor_name"": ""Local Contractor Ltd."", ""expenditure"": 4586000.0, ""share_pct"": 43.3}, {""vendor_name"": ""Reliance Infra"", ""expenditure"": 3478000.0, ""share_pct"": 32.8}, {""vendor_name"": ""Sharma Contractors"", ""expenditure"": 1935000.0, ""share_pct"": 18.3}, {""vendor_name"": ""Jaipur Lights Co."", ""expenditure"": 596000.0, ""share_pct"": 5.6}], ""target_vendor_share"": 32.8, ""explanation"": ""District exhibits high vendor concentration (HHI: 3316). Top contractor 'Local Contractor Ltd.' commands 43.3% of total sanctioned expenditure.""}","{""score"": 29.2, ""photo_similarity_pct"": 29.2, ""text_similarity_pct"": 35.0, ""geo_distance_m"": 4500.0, ""geo_relationship"": ""Normal Proximity"", ""combined_confidence"": ""LOW"", ""explanation"": ""No duplicate works detected.""}","Multi-signal prioritization: elevated risk driven primarily by Benford's Law Deviation, Vendor Concentration (HHI). Full evidence receipts available for human review.",2026-09-05 12:17:00.294227
24,24,40.0,LOW,0.3,0.3,50.0,0.2,100.0,0.15,62.8,0.15,25.3,0.2,"{""score"": 0.3, ""items_analyzed"": 2, ""avg_variance_pct"": 0.2, ""high_variance_items"": 0, ""evidence_table"": [{""item_name"": ""Water Pump (5 HP)"", ""reported_price"": 22080.0, ""gem_reference_price"": 24000.0, ""quantity"": 14.0, ""unit"": ""Each"", ""absolute_difference"": -1920.0, ""variance_pct"": -8.0, ""match_confidence"": 100.0, ""risk_badge"": ""Normal""}, {""item_name"": ""Solar Panel (300W)"", ""reported_price"": 12928.0, ""gem_reference_price"": 12800.0, ""quantity"": 6.0, ""unit"": ""Each"", ""absolute_difference"": 128.0, ""variance_pct"": 1.0, ""match_confidence"": 100.0, ""risk_badge"": ""Normal""}], ""explanation"": ""Item prices are aligned with GeM market reference rates within acceptable tolerance.""}","{""score"": 50.0, ""observed_value"": 6001000.0, ""median"": 2234000.0, ""q1"": 1055750.0, ""q3"": 3913500.0, ""iqr"": 2857750.0, ""lower_bound"": 0.0, ""upper_bound"": 8200125.0, ""outlier_status"": ""WITHIN STATISTICAL BOUNDS"", ""outlier_level"": ""GREEN"", ""cohort_count"": 12, ""explanation"": ""Expenditure \u20b96,001,000 is within normal interquartile distribution range for District: Patna.""}","{""score"": 100.0, ""mad"": 0.0738, ""deviation_status"": ""STATISTICAL DEVIATION DETECTED"", ""distribution"": [{""digit"": 1, ""expected_pct"": 30.1, ""observed_pct"": 5.3, ""count"": 1}, {""digit"": 2, ""expected_pct"": 17.6, ""observed_pct"": 15.8, ""count"": 3}, {""digit"": 3, ""expected_pct"": 12.5, ""observed_pct"": 10.5, ""count"": 2}, {""digit"": 4, ""expected_pct"": 9.7, ""observed_pct"": 10.5, ""count"": 2}, {""digit"": 5, ""expected_pct"": 7.9, ""observed_pct"": 15.8, ""count"": 3}, {""digit"": 6, ""expected_pct"": 6.7, ""observed_pct"": 10.5, ""count"": 2}, {""digit"": 7, ""expected_pct"": 5.8, ""observed_pct"": 21.1, ""count"": 4}, {""digit"": 8, ""expected_pct"": 5.1, ""observed_pct"": 10.5, ""count"": 2}, {""digit"": 9, ""expected_pct"": 4.6, ""observed_pct"": 0.0, ""count"": 0}], ""explanation"": ""Significant first-digit frequency divergence detected (MAD=0.0738). Digits 3 and 4 appear abnormally frequent compared to expected logarithmic distribution.""}","{""score"": 62.8, ""hhi_score"": 2411, ""concentration_level"": ""MODERATE CONCENTRATION"", ""vendor_shares"": [{""vendor_name"": ""Singh Builders"", ""expenditure"": 10584000.0, ""share_pct"": 33.0}, {""vendor_name"": ""Apex Civil Infra Ltd."", ""expenditure"": 9615000.0, ""share_pct"": 29.9}, {""vendor_name"": ""Local Contractor Ltd."", ""expenditure"": 5227000.0, ""share_pct"": 16.3}, {""vendor_name"": ""Sharma Contractors"", ""expenditure"": 3039000.0, ""share_pct"": 9.5}, {""vendor_name"": ""Jaipur Lights Co."", ""expenditure"": 2520000.0, ""share_pct"": 7.8}, {""vendor_name"": ""Reliance Infra"", ""expenditure"": 1129000.0, ""share_pct"": 3.5}], ""target_vendor_share"": 29.9, ""explanation"": ""Moderate vendor concentration (HHI: 2411). Monitored for potential single-source trends.""}","{""score"": 25.3, ""photo_similarity_pct"": 25.3, ""text_similarity_pct"": 35.0, ""geo_distance_m"": 4500.0, ""geo_relationship"": ""Normal Proximity"", ""combined_confidence"": ""LOW"", ""explanation"": ""No duplicate works detected.""}","Multi-signal prioritization: elevated risk driven primarily by Benford's Law Deviation, Vendor Concentration (HHI). Full evidence receipts available for human review.",2026-09-05 12:17:00.301957
25,25,37.0,LOW,4.7,0.3,22.0,0.2,100.0,0.15,62.8,0.15,34.8,0.2,"{""score"": 4.7, ""items_analyzed"": 2, ""avg_variance_pct"": 2.8, ""high_variance_items"": 0, ""evidence_table"": [{""item_name"": ""RO Water Purifier Commercial"", ""reported_price"": 81600.0, ""gem_reference_price"": 85000.0, ""quantity"": 3.0, ""unit"": ""Each"", ""absolute_difference"": -3400.0, ""variance_pct"": -4.0, ""match_confidence"": 100.0, ""risk_badge"": ""Normal""}, {""item_name"": ""High Mast Light (12.5m)"", ""reported_price"": 192400.0, ""gem_reference_price"": 185000.0, ""quantity"": 3.0, ""unit"": ""Each"", ""absolute_difference"": 7400.0, ""variance_pct"": 4.0, ""match_confidence"": 100.0, ""risk_badge"": ""Normal""}], ""explanation"": ""Item prices are aligned with GeM market reference rates within acceptable tolerance.""}","{""score"": 22.0, ""observed_value"": 477000.0, ""median"": 2234000.0, ""q1"": 1055750.0, ""q3"": 3913500.0, ""iqr"": 2857750.0, ""lower_bound"": 0.0, ""upper_bound"": 8200125.0, ""outlier_status"": ""WITHIN STATISTICAL BOUNDS"", ""outlier_level"": ""GREEN"", ""cohort_count"": 12, ""explanation"": ""Expenditure \u20b9477,000 is within normal interquartile distribution range for District: Patna.""}","{""score"": 100.0, ""mad"": 0.096, ""deviation_status"": ""STATISTICAL DEVIATION DETECTED"", ""distribution"": [{""digit"": 1, ""expected_pct"": 30.1, ""observed_pct"": 0.0, ""count"": 0}, {""digit"": 2, ""expected_pct"": 17.6, ""observed_pct"": 10.5, ""count"": 2}, {""digit"": 3, ""expected_pct"": 12.5, ""observed_pct"": 26.3, ""count"": 5}, {""digit"": 4, ""expected_pct"": 9.7, ""observed_pct"": 10.5, ""count"": 2}, {""digit"": 5, ""expected_pct"": 7.9, ""observed_pct"": 26.3, ""count"": 5}, {""digit"": 6, ""expected_pct"": 6.7, ""observed_pct"": 5.3, ""count"": 1}, {""digit"": 7, ""expected_pct"": 5.8, ""observed_pct"": 15.8, ""count"": 3}, {""digit"": 8, ""expected_pct"": 5.1, ""observed_pct"": 5.3, ""count"": 1}, {""digit"": 9, ""expected_pct"": 4.6, ""observed_pct"": 0.0, ""count"": 0}], ""explanation"": ""Significant first-digit frequency divergence detected (MAD=0.0960). Digits 3 and 4 appear abnormally frequent compared to expected logarithmic distribution.""}","{""score"": 62.8, ""hhi_score"": 2411, ""concentration_level"": ""MODERATE CONCENTRATION"", ""vendor_shares"": [{""vendor_name"": ""Singh Builders"", ""expenditure"": 10584000.0, ""share_pct"": 33.0}, {""vendor_name"": ""Apex Civil Infra Ltd."", ""expenditure"": 9615000.0, ""share_pct"": 29.9}, {""vendor_name"": ""Local Contractor Ltd."", ""expenditure"": 5227000.0, ""share_pct"": 16.3}, {""vendor_name"": ""Sharma Contractors"", ""expenditure"": 3039000.0, ""share_pct"": 9.5}, {""vendor_name"": ""Jaipur Lights Co."", ""expenditure"": 2520000.0, ""share_pct"": 7.8}, {""vendor_name"": ""Reliance Infra"", ""expenditure"": 1129000.0, ""share_pct"": 3.5}], ""target_vendor_share"": 3.5, ""explanation"": ""Moderate vendor concentration (HHI: 2411). Monitored for potential single-source trends.""}","{""score"": 34.8, ""photo_similarity_pct"": 34.8, ""text_similarity_pct"": 35.0, ""geo_distance_m"": 4500.0, ""geo_relationship"": ""Normal Proximity"", ""combined_confidence"": ""LOW"", ""explanation"": ""No duplicate works detected.""}","Multi-signal prioritization: elevated risk driven primarily by Benford's Law Deviation, Vendor Concentration (HHI). Full evidence receipts available for human review.",2026-09-05 12:17:00.301957
26,26,66.0,MEDIUM,89.4,0.3,30.5,0.2,100.0,0.15,70.7,0.15,35.3,0.2,"{""score"": 89.4, ""items_analyzed"": 2, ""avg_variance_pct"": 53.6, ""high_variance_items"": 2, ""evidence_table"": [{""item_name"": ""LED Street Light (100W)"", ""reported_price"": 17360.0, ""gem_reference_price"": 11200.0, ""quantity"": 8.0, ""unit"": ""Each"", ""absolute_difference"": 6160.0, ""variance_pct"": 55.0, ""match_confidence"": 100.0, ""risk_badge"": ""High""}, {""item_name"": ""Cement (Grade 53)"", ""reported_price"": 551.0, ""gem_reference_price"": 380.0, ""quantity"": 40.0, ""unit"": ""Bag (50kg)"", ""absolute_difference"": 171.0, ""variance_pct"": 45.0, ""match_confidence"": 100.0, ""risk_badge"": ""High""}], ""explanation"": ""2 item(s) exhibit price variances above GeM benchmark (+53.6% avg variance). Requires review for local transport, specifications, or tax variations.""}","{""score"": 30.5, ""observed_value"": 1103000.0, ""median"": 967500.0, ""q1"": 685250.0, ""q3"": 1828250.0, ""iqr"": 1143000.0, ""lower_bound"": 0.0, ""upper_bound"": 3542750.0, ""outlier_status"": ""WITHIN STATISTICAL BOUNDS"", ""outlier_level"": ""GREEN"", ""cohort_count"": 8, ""explanation"": ""Expenditure \u20b91,103,000 is within normal interquartile distribution range for District: Rohtas.""}","{""score"": 100.0, ""mad"": 0.0653, ""deviation_status"": ""STATISTICAL DEVIATION DETECTED"", ""distribution"": [{""digit"": 1, ""expected_pct"": 30.1, ""observed_pct"": 21.1, ""count"": 4}, {""digit"": 2, ""expected_pct"": 17.6, ""observed_pct"": 31.6, ""count"": 6}, {""digit"": 3, ""expected_pct"": 12.5, ""observed_pct"": 10.5, ""count"": 2}, {""digit"": 4, ""expected_pct"": 9.7, ""observed_pct"": 5.3, ""count"": 1}, {""digit"": 5, ""expected_pct"": 7.9, ""observed_pct"": 5.3, ""count"": 1}, {""digit"": 6, ""expected_pct"": 6.7, ""observed_pct"": 0.0, ""count"": 0}, {""digit"": 7, ""expected_pct"": 5.8, ""observed_pct"": 21.1, ""count"": 4}, {""digit"": 8, ""expected_pct"": 5.1, ""observed_pct"": 5.3, ""count"": 1}, {""digit"": 9, ""expected_pct"": 4.6, ""observed_pct"": 0.0, ""count"": 0}], ""explanation"": ""Significant first-digit frequency divergence detected (MAD=0.0653). Digits 3 and 4 appear abnormally frequent compared to expected logarithmic distribution.""}","{""score"": 70.7, ""hhi_score"": 3316, ""concentration_level"": ""HIGH VENDOR CONCENTRATION - INCREASED RISK"", ""vendor_shares"": [{""vendor_name"": ""Local Contractor Ltd."", ""expenditure"": 4586000.0, ""share_pct"": 43.3}, {""vendor_name"": ""Reliance Infra"", ""expenditure"": 3478000.0, ""share_pct"": 32.8}, {""vendor_name"": ""Sharma Contractors"", ""expenditure"": 1935000.0, ""share_pct"": 18.3}, {""vendor_name"": ""Jaipur Lights Co."", ""expenditure"": 596000.0, ""share_pct"": 5.6}], ""target_vendor_share"": 18.3, ""explanation"": ""District exhibits high vendor concentration (HHI: 3316). Top contractor 'Local Contractor Ltd.' commands 43.3% of total sanctioned expenditure.""}","{""score"": 35.3, ""photo_similarity_pct"": 35.3, ""text_similarity_pct"": 35.0, ""geo_distance_m"": 4500.0, ""geo_relationship"": ""Normal Proximity"", ""combined_confidence"": ""LOW"", ""explanation"": ""No duplicate works detected.""}","Multi-signal prioritization: elevated risk driven primarily by Price Anomaly (GeM Benchmark), Benford's Law Deviation, Vendor Concentration (HHI). Full evidence receipts available for human review.",2026-09-05 12:17:00.311459
27,27,37.0,LOW,2.2,0.3,35.4,0.2,100.0,0.15,62.8,0.15,24.4,0.2,"{""score"": 2.2, ""items_analyzed"": 2, ""avg_variance_pct"": 1.3, ""high_variance_items"": 0, ""evidence_table"": [{""item_name"": ""Steel (TMT Bar)"", ""reported_price"": 60320.0, ""gem_reference_price"": 58000.0, ""quantity"": 2.0, ""unit"": ""Metric Ton"", ""absolute_difference"": 2320.0, ""variance_pct"": 4.0, ""match_confidence"": 100.0, ""risk_badge"": ""Normal""}, {""item_name"": ""Computer (Desktop)"", ""reported_price"": 41650.0, ""gem_reference_price"": 42500.0, ""quantity"": 6.0, ""unit"": ""Each"", ""absolute_difference"": -850.0, ""variance_pct"": -2.0, ""match_confidence"": 100.0, ""risk_badge"": ""Normal""}], ""explanation"": ""Item prices are aligned with GeM market reference rates within acceptable tolerance.""}","{""score"": 35.4, ""observed_value"": 3039000.0, ""median"": 2234000.0, ""q1"": 1055750.0, ""q3"": 3913500.0, ""iqr"": 2857750.0, ""lower_bound"": 0.0, ""upper_bound"": 8200125.0, ""outlier_status"": ""WITHIN STATISTICAL BOUNDS"", ""outlier_level"": ""GREEN"", ""cohort_count"": 12, ""explanation"": ""Expenditure \u20b93,039,000 is within normal interquartile distribution range for District: Patna.""}","{""score"": 100.0, ""mad"": 0.0753, ""deviation_status"": ""STATISTICAL DEVIATION DETECTED"", ""distribution"": [{""digit"": 1, ""expected_pct"": 30.1, ""observed_pct"": 10.5, ""count"": 2}, {""digit"": 2, ""expected_pct"": 17.6, ""observed_pct"": 26.3, ""count"": 5}, {""digit"": 3, ""expected_pct"": 12.5, ""observed_pct"": 21.1, ""count"": 4}, {""digit"": 4, ""expected_pct"": 9.7, ""observed_pct"": 0.0, ""count"": 0}, {""digit"": 5, ""expected_pct"": 7.9, ""observed_pct"": 10.5, ""count"": 2}, {""digit"": 6, ""expected_pct"": 6.7, ""observed_pct"": 10.5, ""count"": 2}, {""digit"": 7, ""expected_pct"": 5.8, ""observed_pct"": 10.5, ""count"": 2}, {""digit"": 8, ""expected_pct"": 5.1, ""observed_pct"": 10.5, ""count"": 2}, {""digit"": 9, ""expected_pct"": 4.6, ""observed_pct"": 0.0, ""count"": 0}], ""explanation"": ""Significant first-digit frequency divergence detected (MAD=0.0753). Digits 3 and 4 appear abnormally frequent compared to expected logarithmic distribution.""}","{""score"": 62.8, ""hhi_score"": 2411, ""concentration_level"": ""MODERATE CONCENTRATION"", ""vendor_shares"": [{""vendor_name"": ""Singh Builders"", ""expenditure"": 10584000.0, ""share_pct"": 33.0}, {""vendor_name"": ""Apex Civil Infra Ltd."", ""expenditure"": 9615000.0, ""share_pct"": 29.9}, {""vendor_name"": ""Local Contractor Ltd."", ""expenditure"": 5227000.0, ""share_pct"": 16.3}, {""vendor_name"": ""Sharma Contractors"", ""expenditure"": 3039000.0, ""share_pct"": 9.5}, {""vendor_name"": ""Jaipur Lights Co."", ""expenditure"": 2520000.0, ""share_pct"": 7.8}, {""vendor_name"": ""Reliance Infra"", ""expenditure"": 1129000.0, ""share_pct"": 3.5}], ""target_vendor_share"": 9.5, ""explanation"": ""Moderate vendor concentration (HHI: 2411). Monitored for potential single-source trends.""}","{""score"": 24.4, ""photo_similarity_pct"": 24.4, ""text_similarity_pct"": 35.0, ""geo_distance_m"": 4500.0, ""geo_relationship"": ""Normal Proximity"", ""combined_confidence"": ""LOW"", ""explanation"": ""No duplicate works detected.""}","Multi-signal prioritization: elevated risk driven primarily by Benford's Law Deviation, Vendor Concentration (HHI). Full evidence receipts available for human review.",2026-09-05 12:17:00.311459
28,28,38.0,LOW,10.5,0.3,33.6,0.2,100.0,0.15,68.1,0.15,16.7,0.2,"{""score"": 10.5, ""items_analyzed"": 2, ""avg_variance_pct"": 6.3, ""high_variance_items"": 0, ""evidence_table"": [{""item_name"": ""Water Pump (5 HP)"", ""reported_price"": 25920.0, ""gem_reference_price"": 24000.0, ""quantity"": 14.0, ""unit"": ""Each"", ""absolute_difference"": 1920.0, ""variance_pct"": 8.0, ""match_confidence"": 100.0, ""risk_badge"": ""Normal""}, {""item_name"": ""Solar Panel (300W)"", ""reported_price"": 12928.0, ""gem_reference_price"": 12800.0, ""quantity"": 9.0, ""unit"": ""Each"", ""absolute_difference"": 128.0, ""variance_pct"": 1.0, ""match_confidence"": 100.0, ""risk_badge"": ""Normal""}], ""explanation"": ""Item prices are aligned with GeM market reference rates within acceptable tolerance.""}","{""score"": 33.6, ""observed_value"": 3428000.0, ""median"": 3428000.0, ""q1"": 1500000.0, ""q3"": 4853000.0, ""iqr"": 3353000.0, ""lower_bound"": 0.0, ""upper_bound"": 9882500.0, ""outlier_status"": ""WITHIN STATISTICAL BOUNDS"", ""outlier_level"": ""GREEN"", ""cohort_count"": 5, ""explanation"": ""Expenditure \u20b93,428,000 is within normal interquartile distribution range for District: Pune.""}","{""score"": 100.0, ""mad"": 0.0704, ""deviation_status"": ""STATISTICAL DEVIATION DETECTED"", ""distribution"": [{""digit"": 1, ""expected_pct"": 30.1, ""observed_pct"": 21.1, ""count"": 4}, {""digit"": 2, ""expected_pct"": 17.6, ""observed_pct"": 15.8, ""count"": 3}, {""digit"": 3, ""expected_pct"": 12.5, ""observed_pct"": 26.3, ""count"": 5}, {""digit"": 4, ""expected_pct"": 9.7, ""observed_pct"": 0.0, ""count"": 0}, {""digit"": 5, ""expected_pct"": 7.9, ""observed_pct"": 15.8, ""count"": 3}, {""digit"": 6, ""expected_pct"": 6.7, ""observed_pct"": 5.3, ""count"": 1}, {""digit"": 7, ""expected_pct"": 5.8, ""observed_pct"": 15.8, ""count"": 3}, {""digit"": 8, ""expected_pct"": 5.1, ""observed_pct"": 0.0, ""count"": 0}, {""digit"": 9, ""expected_pct"": 4.6, ""observed_pct"": 0.0, ""count"": 0}], ""explanation"": ""Significant first-digit frequency divergence detected (MAD=0.0704). Digits 3 and 4 appear abnormally frequent compared to expected logarithmic distribution.""}","{""score"": 68.1, ""hhi_score"": 2940, ""concentration_level"": ""HIGH VENDOR CONCENTRATION - INCREASED RISK"", ""vendor_shares"": [{""vendor_name"": ""Sharma Contractors"", ""expenditure"": 5872000.0, ""share_pct"": 37.5}, {""vendor_name"": ""Apex Civil Infra Ltd."", ""expenditure"": 4853000.0, ""share_pct"": 31.0}, {""vendor_name"": ""Jaipur Lights Co."", ""expenditure"": 3428000.0, ""share_pct"": 21.9}, {""vendor_name"": ""Reliance Infra"", ""expenditure"": 1500000.0, ""share_pct"": 9.6}], ""target_vendor_share"": 21.9, ""explanation"": ""District exhibits high vendor concentration (HHI: 2940). Top contractor 'Sharma Contractors' commands 37.5% of total sanctioned expenditure.""}","{""score"": 16.7, ""photo_similarity_pct"": 16.7, ""text_similarity_pct"": 35.0, ""geo_distance_m"": 4500.0, ""geo_relationship"": ""Normal Proximity"", ""combined_confidence"": ""LOW"", ""explanation"": ""No duplicate works detected.""}","Multi-signal prioritization: elevated risk driven primarily by Benford's Law Deviation, Vendor Concentration (HHI). Full evidence receipts available for human review.",2026-09-05 12:17:00.311459
29,29,39.0,LOW,12.0,0.3,36.9,0.2,100.0,0.15,69.0,0.15,11.8,0.2,"{""score"": 12.0, ""items_analyzed"": 2, ""avg_variance_pct"": 7.2, ""high_variance_items"": 0, ""evidence_table"": [{""item_name"": ""RO Water Purifier Commercial"", ""reported_price"": 95200.0, ""gem_reference_price"": 85000.0, ""quantity"": 4.0, ""unit"": ""Each"", ""absolute_difference"": 10200.0, ""variance_pct"": 12.0, ""match_confidence"": 100.0, ""risk_badge"": ""Normal""}, {""item_name"": ""High Mast Light (12.5m)"", ""reported_price"": 192400.0, ""gem_reference_price"": 185000.0, ""quantity"": 3.0, ""unit"": ""Each"", ""absolute_difference"": 7400.0, ""variance_pct"": 4.0, ""match_confidence"": 100.0, ""risk_badge"": ""Normal""}], ""explanation"": ""Item prices are aligned with GeM market reference rates within acceptable tolerance.""}","{""score"": 36.9, ""observed_value"": 1671000.0, ""median"": 1453500.0, ""q1"": 1042250.0, ""q3"": 1837000.0, ""iqr"": 794750.0, ""lower_bound"": 0.0, ""upper_bound"": 3029125.0, ""outlier_status"": ""WITHIN STATISTICAL BOUNDS"", ""outlier_level"": ""GREEN"", ""cohort_count"": 4, ""explanation"": ""Expenditure \u20b91,671,000 is within normal interquartile distribution range for District: Surat.""}","{""score"": 100.0, ""mad"": 0.0699, ""deviation_status"": ""STATISTICAL DEVIATION DETECTED"", ""distribution"": [{""digit"": 1, ""expected_pct"": 30.1, ""observed_pct"": 10.5, ""count"": 2}, {""digit"": 2, ""expected_pct"": 17.6, ""observed_pct"": 15.8, ""count"": 3}, {""digit"": 3, ""expected_pct"": 12.5, ""observed_pct"": 15.8, ""count"": 3}, {""digit"": 4, ""expected_pct"": 9.7, ""observed_pct"": 5.3, ""count"": 1}, {""digit"": 5, ""expected_pct"": 7.9, ""observed_pct"": 21.1, ""count"": 4}, {""digit"": 6, ""expected_pct"": 6.7, ""observed_pct"": 15.8, ""count"": 3}, {""digit"": 7, ""expected_pct"": 5.8, ""observed_pct"": 5.3, ""count"": 1}, {""digit"": 8, ""expected_pct"": 5.1, ""observed_pct"": 0.0, ""count"": 0}, {""digit"": 9, ""expected_pct"": 4.6, ""observed_pct"": 10.5, ""count"": 2}], ""explanation"": ""Significant first-digit frequency divergence detected (MAD=0.0699). Digits 3 and 4 appear abnormally frequent compared to expected logarithmic distribution.""}","{""score"": 69.0, ""hhi_score"": 3070, ""concentration_level"": ""HIGH VENDOR CONCENTRATION - INCREASED RISK"", ""vendor_shares"": [{""vendor_name"": ""Reliance Infra"", ""expenditure"": 2335000.0, ""share_pct"": 40.9}, {""vendor_name"": ""Local Contractor Ltd."", ""expenditure"": 1671000.0, ""share_pct"": 29.3}, {""vendor_name"": ""Singh Builders"", ""expenditure"": 1236000.0, ""share_pct"": 21.7}, {""vendor_name"": ""Sharma Contractors"", ""expenditure"": 461000.0, ""share_pct"": 8.1}], ""target_vendor_share"": 29.3, ""explanation"": ""District exhibits high vendor concentration (HHI: 3070). Top contractor 'Reliance Infra' commands 40.9% of total sanctioned expenditure.""}","{""score"": 11.8, ""photo_similarity_pct"": 11.8, ""text_similarity_pct"": 35.0, ""geo_distance_m"": 4500.0, ""geo_relationship"": ""Normal Proximity"", ""combined_confidence"": ""LOW"", ""explanation"": ""No duplicate works detected.""}","Multi-signal prioritization: elevated risk driven primarily by Benford's Law Deviation, Vendor Concentration (HHI). Full evidence receipts available for human review.",2026-09-05 12:17:00.327552
30,30,60.0,MEDIUM,89.4,0.3,23.8,0.2,100.0,0.15,70.7,0.15,15.8,0.2,"{""score"": 89.4, ""items_analyzed"": 2, ""avg_variance_pct"": 53.6, ""high_variance_items"": 2, ""evidence_table"": [{""item_name"": ""LED Street Light (100W)"", ""reported_price"": 17360.0, ""gem_reference_price"": 11200.0, ""quantity"": 8.0, ""unit"": ""Each"", ""absolute_difference"": 6160.0, ""variance_pct"": 55.0, ""match_confidence"": 100.0, ""risk_badge"": ""High""}, {""item_name"": ""Cement (Grade 53)"", ""reported_price"": 551.0, ""gem_reference_price"": 380.0, ""quantity"": 40.0, ""unit"": ""Bag (50kg)"", ""absolute_difference"": 171.0, ""variance_pct"": 45.0, ""match_confidence"": 100.0, ""risk_badge"": ""High""}], ""explanation"": ""2 item(s) exhibit price variances above GeM benchmark (+53.6% avg variance). Requires review for local transport, specifications, or tax variations.""}","{""score"": 23.8, ""observed_value"": 596000.0, ""median"": 967500.0, ""q1"": 685250.0, ""q3"": 1828250.0, ""iqr"": 1143000.0, ""lower_bound"": 0.0, ""upper_bound"": 3542750.0, ""outlier_status"": ""WITHIN STATISTICAL BOUNDS"", ""outlier_level"": ""GREEN"", ""cohort_count"": 8, ""explanation"": ""Expenditure \u20b9596,000 is within normal interquartile distribution range for District: Rohtas.""}","{""score"": 100.0, ""mad"": 0.0618, ""deviation_status"": ""STATISTICAL DEVIATION DETECTED"", ""distribution"": [{""digit"": 1, ""expected_pct"": 30.1, ""observed_pct"": 26.3, ""count"": 5}, {""digit"": 2, ""expected_pct"": 17.6, ""observed_pct"": 10.5, ""count"": 2}, {""digit"": 3, ""expected_pct"": 12.5, ""observed_pct"": 0.0, ""count"": 0}, {""digit"": 4, ""expected_pct"": 9.7, ""observed_pct"": 5.3, ""count"": 1}, {""digit"": 5, ""expected_pct"": 7.9, ""observed_pct"": 15.8, ""count"": 3}, {""digit"": 6, ""expected_pct"": 6.7, ""observed_pct"": 15.8, ""count"": 3}, {""digit"": 7, ""expected_pct"": 5.8, ""observed_pct"": 10.5, ""count"": 2}, {""digit"": 8, ""expected_pct"": 5.1, ""observed_pct"": 10.5, ""count"": 2}, {""digit"": 9, ""expected_pct"": 4.6, ""observed_pct"": 5.3, ""count"": 1}], ""explanation"": ""Significant first-digit frequency divergence detected (MAD=0.0618). Digits 3 and 4 appear abnormally frequent compared to expected logarithmic distribution.""}","{""score"": 70.7, ""hhi_score"": 3316, ""concentration_level"": ""HIGH VENDOR CONCENTRATION - INCREASED RISK"", ""vendor_shares"": [{""vendor_name"": ""Local Contractor Ltd."", ""expenditure"": 4586000.0, ""share_pct"": 43.3}, {""vendor_name"": ""Reliance Infra"", ""expenditure"": 3478000.0, ""share_pct"": 32.8}, {""vendor_name"": ""Sharma Contractors"", ""expenditure"": 1935000.0, ""share_pct"": 18.3}, {""vendor_name"": ""Jaipur Lights Co."", ""expenditure"": 596000.0, ""share_pct"": 5.6}], ""target_vendor_share"": 5.6, ""explanation"": ""District exhibits high vendor concentration (HHI: 3316). Top contractor 'Local Contractor Ltd.' commands 43.3% of total sanctioned expenditure.""}","{""score"": 15.8, ""photo_similarity_pct"": 15.8, ""text_similarity_pct"": 35.0, ""geo_distance_m"": 4500.0, ""geo_relationship"": ""Normal Proximity"", ""combined_confidence"": ""LOW"", ""explanation"": ""No duplicate works detected.""}","Multi-signal prioritization: elevated risk driven primarily by Price Anomaly (GeM Benchmark), Benford's Law Deviation, Vendor Concentration (HHI). Full evidence receipts available for human review.",2026-09-05 12:17:00.327968
31,31,40.0,LOW,0.0,0.3,36.5,0.2,100.0,0.15,71.9,0.15,35.1,0.2,"{""score"": 0.0, ""items_analyzed"": 2, ""avg_variance_pct"": 0.0, ""high_variance_items"": 0, ""evidence_table"": [{""item_name"": ""Steel (TMT Bar)"", ""reported_price"": 55680.0, ""gem_reference_price"": 58000.0, ""quantity"": 3.0, ""unit"": ""Metric Ton"", ""absolute_difference"": -2320.0, ""variance_pct"": -4.0, ""match_confidence"": 100.0, ""risk_badge"": ""Normal""}, {""item_name"": ""Computer (Desktop)"", ""reported_price"": 41650.0, ""gem_reference_price"": 42500.0, ""quantity"": 9.0, ""unit"": ""Each"", ""absolute_difference"": -850.0, ""variance_pct"": -2.0, ""match_confidence"": 100.0, ""risk_badge"": ""Normal""}], ""explanation"": ""Item prices are aligned with GeM market reference rates within acceptable tolerance.""}","{""score"": 36.5, ""observed_value"": 1979000.0, ""median"": 1979000.0, ""q1"": 928000.0, ""q3"": 2299500.0, ""iqr"": 1371500.0, ""lower_bound"": 0.0, ""upper_bound"": 4356750.0, ""outlier_status"": ""WITHIN STATISTICAL BOUNDS"", ""outlier_level"": ""GREEN"", ""cohort_count"": 11, ""explanation"": ""Expenditure \u20b91,979,000 is within normal interquartile distribution range for District: Banaskantha.""}","{""score"": 100.0, ""mad"": 0.0604, ""deviation_status"": ""STATISTICAL DEVIATION DETECTED"", ""distribution"": [{""digit"": 1, ""expected_pct"": 30.1, ""observed_pct"": 15.8, ""count"": 3}, {""digit"": 2, ""expected_pct"": 17.6, ""observed_pct"": 10.5, ""count"": 2}, {""digit"": 3, ""expected_pct"": 12.5, ""observed_pct"": 15.8, ""count"": 3}, {""digit"": 4, ""expected_pct"": 9.7, ""observed_pct"": 10.5, ""count"": 2}, {""digit"": 5, ""expected_pct"": 7.9, ""observed_pct"": 10.5, ""count"": 2}, {""digit"": 6, ""expected_pct"": 6.7, ""observed_pct"": 15.8, ""count"": 3}, {""digit"": 7, ""expected_pct"": 5.8, ""observed_pct"": 0.0, ""count"": 0}, {""digit"": 8, ""expected_pct"": 5.1, ""observed_pct"": 15.8, ""count"": 3}, {""digit"": 9, ""expected_pct"": 4.6, ""observed_pct"": 5.3, ""count"": 1}], ""explanation"": ""Significant first-digit frequency divergence detected (MAD=0.0604). Digits 3 and 4 appear abnormally frequent compared to expected logarithmic distribution.""}","{""score"": 71.9, ""hhi_score"": 3482, ""concentration_level"": ""HIGH VENDOR CONCENTRATION - INCREASED RISK"", ""vendor_shares"": [{""vendor_name"": ""Sharma Contractors"", ""expenditure"": 11379000.0, ""share_pct"": 52.7}, {""vendor_name"": ""Apex Civil Infra Ltd."", ""expenditure"": 4149000.0, ""share_pct"": 19.2}, {""vendor_name"": ""Local Contractor Ltd."", ""expenditure"": 3470000.0, ""share_pct"": 16.1}, {""vendor_name"": ""Singh Builders"", ""expenditure"": 1487000.0, ""share_pct"": 6.9}, {""vendor_name"": ""Reliance Infra"", ""expenditure"": 1096000.0, ""share_pct"": 5.1}], ""target_vendor_share"": 19.2, ""explanation"": ""District exhibits high vendor concentration (HHI: 3482). Top contractor 'Sharma Contractors' commands 52.7% of total sanctioned expenditure.""}","{""score"": 35.1, ""photo_similarity_pct"": 35.1, ""text_similarity_pct"": 35.0, ""geo_distance_m"": 4500.0, ""geo_relationship"": ""Normal Proximity"", ""combined_confidence"": ""LOW"", ""explanation"": ""No duplicate works detected.""}","Multi-signal prioritization: elevated risk driven primarily by Benford's Law Deviation, Vendor Concentration (HHI). Full evidence receipts available for human review.",2026-09-05 12:17:00.327968
32,32,38.0,LOW,0.5,0.3,41.2,0.2,100.0,0.15,62.8,0.15,27.6,0.2,"{""score"": 0.5, ""items_analyzed"": 2, ""avg_variance_pct"": 0.3, ""high_variance_items"": 0, ""evidence_table"": [{""item_name"": ""Water Pump (5 HP)"", ""reported_price"": 24000.0, ""gem_reference_price"": 24000.0, ""quantity"": 14.0, ""unit"": ""Each"", ""absolute_difference"": 0.0, ""variance_pct"": 0.0, ""match_confidence"": 100.0, ""risk_badge"": ""Normal""}, {""item_name"": ""Solar Panel (300W)"", ""reported_price"": 12928.0, ""gem_reference_price"": 12800.0, ""quantity"": 12.0, ""unit"": ""Each"", ""absolute_difference"": 128.0, ""variance_pct"": 1.0, ""match_confidence"": 100.0, ""risk_badge"": ""Normal""}], ""explanation"": ""Item prices are aligned with GeM market reference rates within acceptable tolerance.""}","{""score"": 41.2, ""observed_value"": 4134000.0, ""median"": 2234000.0, ""q1"": 1055750.0, ""q3"": 3913500.0, ""iqr"": 2857750.0, ""lower_bound"": 0.0, ""upper_bound"": 8200125.0, ""outlier_status"": ""WITHIN STATISTICAL BOUNDS"", ""outlier_level"": ""GREEN"", ""cohort_count"": 12, ""explanation"": ""Expenditure \u20b94,134,000 is within normal interquartile distribution range for District: Patna.""}","{""score"": 100.0, ""mad"": 0.0885, ""deviation_status"": ""STATISTICAL DEVIATION DETECTED"", ""distribution"": [{""digit"": 1, ""expected_pct"": 30.1, ""observed_pct"": 10.5, ""count"": 2}, {""digit"": 2, ""expected_pct"": 17.6, ""observed_pct"": 0.0, ""count"": 0}, {""digit"": 3, ""expected_pct"": 12.5, ""observed_pct"": 15.8, ""count"": 3}, {""digit"": 4, ""expected_pct"": 9.7, ""observed_pct"": 21.1, ""count"": 4}, {""digit"": 5, ""expected_pct"": 7.9, ""observed_pct"": 5.3, ""count"": 1}, {""digit"": 6, ""expected_pct"": 6.7, ""observed_pct"": 21.1, ""count"": 4}, {""digit"": 7, ""expected_pct"": 5.8, ""observed_pct"": 10.5, ""count"": 2}, {""digit"": 8, ""expected_pct"": 5.1, ""observed_pct"": 5.3, ""count"": 1}, {""digit"": 9, ""expected_pct"": 4.6, ""observed_pct"": 10.5, ""count"": 2}], ""explanation"": ""Significant first-digit frequency divergence detected (MAD=0.0885). Digits 3 and 4 appear abnormally frequent compared to expected logarithmic distribution.""}","{""score"": 62.8, ""hhi_score"": 2411, ""concentration_level"": ""MODERATE CONCENTRATION"", ""vendor_shares"": [{""vendor_name"": ""Singh Builders"", ""expenditure"": 10584000.0, ""share_pct"": 33.0}, {""vendor_name"": ""Apex Civil Infra Ltd."", ""expenditure"": 9615000.0, ""share_pct"": 29.9}, {""vendor_name"": ""Local Contractor Ltd."", ""expenditure"": 5227000.0, ""share_pct"": 16.3}, {""vendor_name"": ""Sharma Contractors"", ""expenditure"": 3039000.0, ""share_pct"": 9.5}, {""vendor_name"": ""Jaipur Lights Co."", ""expenditure"": 2520000.0, ""share_pct"": 7.8}, {""vendor_name"": ""Reliance Infra"", ""expenditure"": 1129000.0, ""share_pct"": 3.5}], ""target_vendor_share"": 16.3, ""explanation"": ""Moderate vendor concentration (HHI: 2411). Monitored for potential single-source trends.""}","{""score"": 27.6, ""photo_similarity_pct"": 27.6, ""text_similarity_pct"": 35.0, ""geo_distance_m"": 4500.0, ""geo_relationship"": ""Normal Proximity"", ""combined_confidence"": ""LOW"", ""explanation"": ""No duplicate works detected.""}","Multi-signal prioritization: elevated risk driven primarily by Benford's Law Deviation, Vendor Concentration (HHI). Full evidence receipts available for human review.",2026-09-05 12:17:00.343289
33,33,35.0,LOW,6.7,0.3,25.4,0.2,99.1,0.15,70.7,0.15,14.2,0.2,"{""score"": 6.7, ""items_analyzed"": 2, ""avg_variance_pct"": 4.0, ""high_variance_items"": 0, ""evidence_table"": [{""item_name"": ""RO Water Purifier Commercial"", ""reported_price"": 88400.0, ""gem_reference_price"": 85000.0, ""quantity"": 2.0, ""unit"": ""Each"", ""absolute_difference"": 3400.0, ""variance_pct"": 4.0, ""match_confidence"": 100.0, ""risk_badge"": ""Normal""}, {""item_name"": ""High Mast Light (12.5m)"", ""reported_price"": 192400.0, ""gem_reference_price"": 185000.0, ""quantity"": 3.0, ""unit"": ""Each"", ""absolute_difference"": 7400.0, ""variance_pct"": 4.0, ""match_confidence"": 100.0, ""risk_badge"": ""Normal""}], ""explanation"": ""Item prices are aligned with GeM market reference rates within acceptable tolerance.""}","{""score"": 25.4, ""observed_value"": 715000.0, ""median"": 967500.0, ""q1"": 685250.0, ""q3"": 1828250.0, ""iqr"": 1143000.0, ""lower_bound"": 0.0, ""upper_bound"": 3542750.0, ""outlier_status"": ""WITHIN STATISTICAL BOUNDS"", ""outlier_level"": ""GREEN"", ""cohort_count"": 8, ""explanation"": ""Expenditure \u20b9715,000 is within normal interquartile distribution range for District: Rohtas.""}","{""score"": 99.1, ""mad"": 0.0394, ""deviation_status"": ""STATISTICAL DEVIATION DETECTED"", ""distribution"": [{""digit"": 1, ""expected_pct"": 30.1, ""observed_pct"": 26.3, ""count"": 5}, {""digit"": 2, ""expected_pct"": 17.6, ""observed_pct"": 21.1, ""count"": 4}, {""digit"": 3, ""expected_pct"": 12.5, ""observed_pct"": 0.0, ""count"": 0}, {""digit"": 4, ""expected_pct"": 9.7, ""observed_pct"": 10.5, ""count"": 2}, {""digit"": 5, ""expected_pct"": 7.9, ""observed_pct"": 10.5, ""count"": 2}, {""digit"": 6, ""expected_pct"": 6.7, ""observed_pct"": 5.3, ""count"": 1}, {""digit"": 7, ""expected_pct"": 5.8, ""observed_pct"": 10.5, ""count"": 2}, {""digit"": 8, ""expected_pct"": 5.1, ""observed_pct"": 10.5, ""count"": 2}, {""digit"": 9, ""expected_pct"": 4.6, ""observed_pct"": 5.3, ""count"": 1}], ""explanation"": ""Significant first-digit frequency divergence detected (MAD=0.0394). Digits 3 and 4 appear abnormally frequent compared to expected logarithmic distribution.""}","{""score"": 70.7, ""hhi_score"": 3316, ""concentration_level"": ""HIGH VENDOR CONCENTRATION - INCREASED RISK"", ""vendor_shares"": [{""vendor_name"": ""Local Contractor Ltd."", ""expenditure"": 4586000.0, ""share_pct"": 43.3}, {""vendor_name"": ""Reliance Infra"", ""expenditure"": 3478000.0, ""share_pct"": 32.8}, {""vendor_name"": ""Sharma Contractors"", ""expenditure"": 1935000.0, ""share_pct"": 18.3}, {""vendor_name"": ""Jaipur Lights Co."", ""expenditure"": 596000.0, ""share_pct"": 5.6}], ""target_vendor_share"": 43.3, ""explanation"": ""District exhibits high vendor concentration (HHI: 3316). Top contractor 'Local Contractor Ltd.' commands 43.3% of total sanctioned expenditure.""}","{""score"": 14.2, ""photo_similarity_pct"": 14.2, ""text_similarity_pct"": 35.0, ""geo_distance_m"": 4500.0, ""geo_relationship"": ""Normal Proximity"", ""combined_confidence"": ""LOW"", ""explanation"": ""No duplicate works detected.""}","Multi-signal prioritization: elevated risk driven primarily by Benford's Law Deviation, Vendor Concentration (HHI). Full evidence receipts available for human review.",2026-09-05 12:17:00.344754
34,34,61.0,MEDIUM,89.4,0.3,21.2,0.2,100.0,0.15,71.3,0.15,19.1,0.2,"{""score"": 89.4, ""items_analyzed"": 2, ""avg_variance_pct"": 53.6, ""high_variance_items"": 2, ""evidence_table"": [{""item_name"": ""LED Street Light (100W)"", ""reported_price"": 17360.0, ""gem_reference_price"": 11200.0, ""quantity"": 8.0, ""unit"": ""Each"", ""absolute_difference"": 6160.0, ""variance_pct"": 55.0, ""match_confidence"": 100.0, ""risk_badge"": ""High""}, {""item_name"": ""Cement (Grade 53)"", ""reported_price"": 551.0, ""gem_reference_price"": 380.0, ""quantity"": 40.0, ""unit"": ""Bag (50kg)"", ""absolute_difference"": 171.0, ""variance_pct"": 45.0, ""match_confidence"": 100.0, ""risk_badge"": ""High""}], ""explanation"": ""2 item(s) exhibit price variances above GeM benchmark (+53.6% avg variance). Requires review for local transport, specifications, or tax variations.""}","{""score"": 21.2, ""observed_value"": 607000.0, ""median"": 2090000.0, ""q1"": 1056000.0, ""q3"": 2808000.0, ""iqr"": 1752000.0, ""lower_bound"": 0.0, ""upper_bound"": 5436000.0, ""outlier_status"": ""WITHIN STATISTICAL BOUNDS"", ""outlier_level"": ""GREEN"", ""cohort_count"": 11, ""explanation"": ""Expenditure \u20b9607,000 is within normal interquartile distribution range for District: Jaipur.""}","{""score"": 100.0, ""mad"": 0.0651, ""deviation_status"": ""STATISTICAL DEVIATION DETECTED"", ""distribution"": [{""digit"": 1, ""expected_pct"": 30.1, ""observed_pct"": 5.3, ""count"": 1}, {""digit"": 2, ""expected_pct"": 17.6, ""observed_pct"": 15.8, ""count"": 3}, {""digit"": 3, ""expected_pct"": 12.5, ""observed_pct"": 15.8, ""count"": 3}, {""digit"": 4, ""expected_pct"": 9.7, ""observed_pct"": 10.5, ""count"": 2}, {""digit"": 5, ""expected_pct"": 7.9, ""observed_pct"": 5.3, ""count"": 1}, {""digit"": 6, ""expected_pct"": 6.7, ""observed_pct"": 10.5, ""count"": 2}, {""digit"": 7, ""expected_pct"": 5.8, ""observed_pct"": 21.1, ""count"": 4}, {""digit"": 8, ""expected_pct"": 5.1, ""observed_pct"": 10.5, ""count"": 2}, {""digit"": 9, ""expected_pct"": 4.6, ""observed_pct"": 5.3, ""count"": 1}], ""explanation"": ""Significant first-digit frequency divergence detected (MAD=0.0651). Digits 3 and 4 appear abnormally frequent compared to expected logarithmic distribution.""}","{""score"": 71.3, ""hhi_score"": 3393, ""concentration_level"": ""HIGH VENDOR CONCENTRATION - INCREASED RISK"", ""vendor_shares"": [{""vendor_name"": ""Local Contractor Ltd."", ""expenditure"": 11218000.0, ""share_pct"": 48.5}, {""vendor_name"": ""Jaipur Lights Co."", ""expenditure"": 6477000.0, ""share_pct"": 28.0}, {""vendor_name"": ""Apex Civil Infra Ltd."", ""expenditure"": 3303000.0, ""share_pct"": 14.3}, {""vendor_name"": ""Singh Builders"", ""expenditure"": 1440000.0, ""share_pct"": 6.2}, {""vendor_name"": ""Sharma Contractors"", ""expenditure"": 672000.0, ""share_pct"": 2.9}], ""target_vendor_share"": 28.0, ""explanation"": ""District exhibits high vendor concentration (HHI: 3393). Top contractor 'Local Contractor Ltd.' commands 48.5% of total sanctioned expenditure.""}","{""score"": 19.1, ""photo_similarity_pct"": 19.1, ""text_similarity_pct"": 35.0, ""geo_distance_m"": 4500.0, ""geo_relationship"": ""Normal Proximity"", ""combined_confidence"": ""LOW"", ""explanation"": ""No duplicate works detected.""}","Multi-signal prioritization: elevated risk driven primarily by Price Anomaly (GeM Benchmark), Benford's Law Deviation, Vendor Concentration (HHI). Full evidence receipts available for human review.",2026-09-05 12:17:00.344754
35,35,35.0,LOW,6.8,0.3,28.2,0.2,100.0,0.15,62.8,0.15,12.5,0.2,"{""score"": 6.8, ""items_analyzed"": 2, ""avg_variance_pct"": 4.1, ""high_variance_items"": 1, ""evidence_table"": [{""item_name"": ""Steel (TMT Bar)"", ""reported_price"": 64960.0, ""gem_reference_price"": 58000.0, ""quantity"": 4.0, ""unit"": ""Metric Ton"", ""absolute_difference"": 6960.0, ""variance_pct"": 12.0, ""match_confidence"": 100.0, ""risk_badge"": ""Normal""}, {""item_name"": ""Computer (Desktop)"", ""reported_price"": 41650.0, ""gem_reference_price"": 42500.0, ""quantity"": 12.0, ""unit"": ""Each"", ""absolute_difference"": -850.0, ""variance_pct"": -2.0, ""match_confidence"": 100.0, ""risk_badge"": ""Normal""}], ""explanation"": ""1 item(s) exhibit price variances above GeM benchmark (+4.1% avg variance). Requires review for local transport, specifications, or tax variations.""}","{""score"": 28.2, ""observed_value"": 1666000.0, ""median"": 2234000.0, ""q1"": 1055750.0, ""q3"": 3913500.0, ""iqr"": 2857750.0, ""lower_bound"": 0.0, ""upper_bound"": 8200125.0, ""outlier_status"": ""WITHIN STATISTICAL BOUNDS"", ""outlier_level"": ""GREEN"", ""cohort_count"": 12, ""explanation"": ""Expenditure \u20b91,666,000 is within normal interquartile distribution range for District: Patna.""}","{""score"": 100.0, ""mad"": 0.059, ""deviation_status"": ""STATISTICAL DEVIATION DETECTED"", ""distribution"": [{""digit"": 1, ""expected_pct"": 30.1, ""observed_pct"": 15.8, ""count"": 3}, {""digit"": 2, ""expected_pct"": 17.6, ""observed_pct"": 15.8, ""count"": 3}, {""digit"": 3, ""expected_pct"": 12.5, ""observed_pct"": 5.3, ""count"": 1}, {""digit"": 4, ""expected_pct"": 9.7, ""observed_pct"": 10.5, ""count"": 2}, {""digit"": 5, ""expected_pct"": 7.9, ""observed_pct"": 5.3, ""count"": 1}, {""digit"": 6, ""expected_pct"": 6.7, ""observed_pct"": 15.8, ""count"": 3}, {""digit"": 7, ""expected_pct"": 5.8, ""observed_pct"": 5.3, ""count"": 1}, {""digit"": 8, ""expected_pct"": 5.1, ""observed_pct"": 15.8, ""count"": 3}, {""digit"": 9, ""expected_pct"": 4.6, ""observed_pct"": 10.5, ""count"": 2}], ""explanation"": ""Significant first-digit frequency divergence detected (MAD=0.0590). Digits 3 and 4 appear abnormally frequent compared to expected logarithmic distribution.""}","{""score"": 62.8, ""hhi_score"": 2411, ""concentration_level"": ""MODERATE CONCENTRATION"", ""vendor_shares"": [{""vendor_name"": ""Singh Builders"", ""expenditure"": 10584000.0, ""share_pct"": 33.0}, {""vendor_name"": ""Apex Civil Infra Ltd."", ""expenditure"": 9615000.0, ""share_pct"": 29.9}, {""vendor_name"": ""Local Contractor Ltd."", ""expenditure"": 5227000.0, ""share_pct"": 16.3}, {""vendor_name"": ""Sharma Contractors"", ""expenditure"": 3039000.0, ""share_pct"": 9.5}, {""vendor_name"": ""Jaipur Lights Co."", ""expenditure"": 2520000.0, ""share_pct"": 7.8}, {""vendor_name"": ""Reliance Infra"", ""expenditure"": 1129000.0, ""share_pct"": 3.5}], ""target_vendor_share"": 29.9, ""explanation"": ""Moderate vendor concentration (HHI: 2411). Monitored for potential single-source trends.""}","{""score"": 12.5, ""photo_similarity_pct"": 12.5, ""text_similarity_pct"": 35.0, ""geo_distance_m"": 4500.0, ""geo_relationship"": ""Normal Proximity"", ""combined_confidence"": ""LOW"", ""explanation"": ""No duplicate works detected.""}","Multi-signal prioritization: elevated risk driven primarily by Benford's Law Deviation, Vendor Concentration (HHI). Full evidence receipts available for human review.",2026-09-05 12:17:00.361602
36,36,36.0,LOW,0.3,0.3,26.9,0.2,100.0,0.15,70.7,0.15,22.9,0.2,"{""score"": 0.3, ""items_analyzed"": 2, ""avg_variance_pct"": 0.2, ""high_variance_items"": 0, ""evidence_table"": [{""item_name"": ""Water Pump (5 HP)"", ""reported_price"": 22080.0, ""gem_reference_price"": 24000.0, ""quantity"": 14.0, ""unit"": ""Each"", ""absolute_difference"": -1920.0, ""variance_pct"": -8.0, ""match_confidence"": 100.0, ""risk_badge"": ""Normal""}, {""item_name"": ""Solar Panel (300W)"", ""reported_price"": 12928.0, ""gem_reference_price"": 12800.0, ""quantity"": 6.0, ""unit"": ""Each"", ""absolute_difference"": 128.0, ""variance_pct"": 1.0, ""match_confidence"": 100.0, ""risk_badge"": ""Normal""}], ""explanation"": ""Item prices are aligned with GeM market reference rates within acceptable tolerance.""}","{""score"": 26.9, ""observed_value"": 832000.0, ""median"": 967500.0, ""q1"": 685250.0, ""q3"": 1828250.0, ""iqr"": 1143000.0, ""lower_bound"": 0.0, ""upper_bound"": 3542750.0, ""outlier_status"": ""WITHIN STATISTICAL BOUNDS"", ""outlier_level"": ""GREEN"", ""cohort_count"": 8, ""explanation"": ""Expenditure \u20b9832,000 is within normal interquartile distribution range for District: Rohtas.""}","{""score"": 100.0, ""mad"": 0.0866, ""deviation_status"": ""STATISTICAL DEVIATION DETECTED"", ""distribution"": [{""digit"": 1, ""expected_pct"": 30.1, ""observed_pct"": 15.8, ""count"": 3}, {""digit"": 2, ""expected_pct"": 17.6, ""observed_pct"": 5.3, ""count"": 1}, {""digit"": 3, ""expected_pct"": 12.5, ""observed_pct"": 15.8, ""count"": 3}, {""digit"": 4, ""expected_pct"": 9.7, ""observed_pct"": 5.3, ""count"": 1}, {""digit"": 5, ""expected_pct"": 7.9, ""observed_pct"": 0.0, ""count"": 0}, {""digit"": 6, ""expected_pct"": 6.7, ""observed_pct"": 10.5, ""count"": 2}, {""digit"": 7, ""expected_pct"": 5.8, ""observed_pct"": 15.8, ""count"": 3}, {""digit"": 8, ""expected_pct"": 5.1, ""observed_pct"": 26.3, ""count"": 5}, {""digit"": 9, ""expected_pct"": 4.6, ""observed_pct"": 5.3, ""count"": 1}], ""explanation"": ""Significant first-digit frequency divergence detected (MAD=0.0866). Digits 3 and 4 appear abnormally frequent compared to expected logarithmic distribution.""}","{""score"": 70.7, ""hhi_score"": 3316, ""concentration_level"": ""HIGH VENDOR CONCENTRATION - INCREASED RISK"", ""vendor_shares"": [{""vendor_name"": ""Local Contractor Ltd."", ""expenditure"": 4586000.0, ""share_pct"": 43.3}, {""vendor_name"": ""Reliance Infra"", ""expenditure"": 3478000.0, ""share_pct"": 32.8}, {""vendor_name"": ""Sharma Contractors"", ""expenditure"": 1935000.0, ""share_pct"": 18.3}, {""vendor_name"": ""Jaipur Lights Co."", ""expenditure"": 596000.0, ""share_pct"": 5.6}], ""target_vendor_share"": 18.3, ""explanation"": ""District exhibits high vendor concentration (HHI: 3316). Top contractor 'Local Contractor Ltd.' commands 43.3% of total sanctioned expenditure.""}","{""score"": 22.9, ""photo_similarity_pct"": 22.9, ""text_similarity_pct"": 35.0, ""geo_distance_m"": 4500.0, ""geo_relationship"": ""Normal Proximity"", ""combined_confidence"": ""LOW"", ""explanation"": ""No duplicate works detected.""}","Multi-signal prioritization: elevated risk driven primarily by Benford's Law Deviation, Vendor Concentration (HHI). Full evidence receipts available for human review.",2026-09-05 12:17:00.361602
37,37,43.0,LOW,4.7,0.3,40.0,0.2,100.0,0.15,68.1,0.15,42.6,0.2,"{""score"": 4.7, ""items_analyzed"": 2, ""avg_variance_pct"": 2.8, ""high_variance_items"": 0, ""evidence_table"": [{""item_name"": ""RO Water Purifier Commercial"", ""reported_price"": 81600.0, ""gem_reference_price"": 85000.0, ""quantity"": 3.0, ""unit"": ""Each"", ""absolute_difference"": -3400.0, ""variance_pct"": -4.0, ""match_confidence"": 100.0, ""risk_badge"": ""Normal""}, {""item_name"": ""High Mast Light (12.5m)"", ""reported_price"": 192400.0, ""gem_reference_price"": 185000.0, ""quantity"": 3.0, ""unit"": ""Each"", ""absolute_difference"": 7400.0, ""variance_pct"": 4.0, ""match_confidence"": 100.0, ""risk_badge"": ""Normal""}], ""explanation"": ""Item prices are aligned with GeM market reference rates within acceptable tolerance.""}","{""score"": 40.0, ""observed_value"": 4853000.0, ""median"": 3428000.0, ""q1"": 1500000.0, ""q3"": 4853000.0, ""iqr"": 3353000.0, ""lower_bound"": 0.0, ""upper_bound"": 9882500.0, ""outlier_status"": ""WITHIN STATISTICAL BOUNDS"", ""outlier_level"": ""GREEN"", ""cohort_count"": 5, ""explanation"": ""Expenditure \u20b94,853,000 is within normal interquartile distribution range for District: Pune.""}","{""score"": 100.0, ""mad"": 0.1015, ""deviation_status"": ""STATISTICAL DEVIATION DETECTED"", ""distribution"": [{""digit"": 1, ""expected_pct"": 30.1, ""observed_pct"": 5.3, ""count"": 1}, {""digit"": 2, ""expected_pct"": 17.6, ""observed_pct"": 10.5, ""count"": 2}, {""digit"": 3, ""expected_pct"": 12.5, ""observed_pct"": 5.3, ""count"": 1}, {""digit"": 4, ""expected_pct"": 9.7, ""observed_pct"": 15.8, ""count"": 3}, {""digit"": 5, ""expected_pct"": 7.9, ""observed_pct"": 36.8, ""count"": 7}, {""digit"": 6, ""expected_pct"": 6.7, ""observed_pct"": 5.3, ""count"": 1}, {""digit"": 7, ""expected_pct"": 5.8, ""observed_pct"": 10.5, ""count"": 2}, {""digit"": 8, ""expected_pct"": 5.1, ""observed_pct"": 0.0, ""count"": 0}, {""digit"": 9, ""expected_pct"": 4.6, ""observed_pct"": 10.5, ""count"": 2}], ""explanation"": ""Significant first-digit frequency divergence detected (MAD=0.1015). Digits 3 and 4 appear abnormally frequent compared to expected logarithmic distribution.""}","{""score"": 68.1, ""hhi_score"": 2940, ""concentration_level"": ""HIGH VENDOR CONCENTRATION - INCREASED RISK"", ""vendor_shares"": [{""vendor_name"": ""Sharma Contractors"", ""expenditure"": 5872000.0, ""share_pct"": 37.5}, {""vendor_name"": ""Apex Civil Infra Ltd."", ""expenditure"": 4853000.0, ""share_pct"": 31.0}, {""vendor_name"": ""Jaipur Lights Co."", ""expenditure"": 3428000.0, ""share_pct"": 21.9}, {""vendor_name"": ""Reliance Infra"", ""expenditure"": 1500000.0, ""share_pct"": 9.6}], ""target_vendor_share"": 31.0, ""explanation"": ""District exhibits high vendor concentration (HHI: 2940). Top contractor 'Sharma Contractors' commands 37.5% of total sanctioned expenditure.""}","{""score"": 42.6, ""photo_similarity_pct"": 42.6, ""text_similarity_pct"": 35.0, ""geo_distance_m"": 4500.0, ""geo_relationship"": ""Normal Proximity"", ""combined_confidence"": ""LOW"", ""explanation"": ""No duplicate works detected.""}","Multi-signal prioritization: elevated risk driven primarily by Benford's Law Deviation, Vendor Concentration (HHI). Full evidence receipts available for human review.",2026-09-05 12:17:00.361602
38,38,60.0,MEDIUM,89.4,0.3,22.1,0.2,100.0,0.15,71.9,0.15,17.1,0.2,"{""score"": 89.4, ""items_analyzed"": 2, ""avg_variance_pct"": 53.6, ""high_variance_items"": 2, ""evidence_table"": [{""item_name"": ""LED Street Light (100W)"", ""reported_price"": 17360.0, ""gem_reference_price"": 11200.0, ""quantity"": 8.0, ""unit"": ""Each"", ""absolute_difference"": 6160.0, ""variance_pct"": 55.0, ""match_confidence"": 100.0, ""risk_badge"": ""High""}, {""item_name"": ""Cement (Grade 53)"", ""reported_price"": 551.0, ""gem_reference_price"": 380.0, ""quantity"": 40.0, ""unit"": ""Bag (50kg)"", ""absolute_difference"": 171.0, ""variance_pct"": 45.0, ""match_confidence"": 100.0, ""risk_badge"": ""High""}], ""explanation"": ""2 item(s) exhibit price variances above GeM benchmark (+53.6% avg variance). Requires review for local transport, specifications, or tax variations.""}","{""score"": 22.1, ""observed_value"": 664000.0, ""median"": 1979000.0, ""q1"": 928000.0, ""q3"": 2299500.0, ""iqr"": 1371500.0, ""lower_bound"": 0.0, ""upper_bound"": 4356750.0, ""outlier_status"": ""WITHIN STATISTICAL BOUNDS"", ""outlier_level"": ""GREEN"", ""cohort_count"": 11, ""explanation"": ""Expenditure \u20b9664,000 is within normal interquartile distribution range for District: Banaskantha.""}","{""score"": 100.0, ""mad"": 0.0749, ""deviation_status"": ""STATISTICAL DEVIATION DETECTED"", ""distribution"": [{""digit"": 1, ""expected_pct"": 30.1, ""observed_pct"": 10.5, ""count"": 2}, {""digit"": 2, ""expected_pct"": 17.6, ""observed_pct"": 15.8, ""count"": 3}, {""digit"": 3, ""expected_pct"": 12.5, ""observed_pct"": 15.8, ""count"": 3}, {""digit"": 4, ""expected_pct"": 9.7, ""observed_pct"": 5.3, ""count"": 1}, {""digit"": 5, ""expected_pct"": 7.9, ""observed_pct"": 0.0, ""count"": 0}, {""digit"": 6, ""expected_pct"": 6.7, ""observed_pct"": 21.1, ""count"": 4}, {""digit"": 7, ""expected_pct"": 5.8, ""observed_pct"": 10.5, ""count"": 2}, {""digit"": 8, ""expected_pct"": 5.1, ""observed_pct"": 15.8, ""count"": 3}, {""digit"": 9, ""expected_pct"": 4.6, ""observed_pct"": 5.3, ""count"": 1}], ""explanation"": ""Significant first-digit frequency divergence detected (MAD=0.0749). Digits 3 and 4 appear abnormally frequent compared to expected logarithmic distribution.""}","{""score"": 71.9, ""hhi_score"": 3482, ""concentration_level"": ""HIGH VENDOR CONCENTRATION - INCREASED RISK"", ""vendor_shares"": [{""vendor_name"": ""Sharma Contractors"", ""expenditure"": 11379000.0, ""share_pct"": 52.7}, {""vendor_name"": ""Apex Civil Infra Ltd."", ""expenditure"": 4149000.0, ""share_pct"": 19.2}, {""vendor_name"": ""Local Contractor Ltd."", ""expenditure"": 3470000.0, ""share_pct"": 16.1}, {""vendor_name"": ""Singh Builders"", ""expenditure"": 1487000.0, ""share_pct"": 6.9}, {""vendor_name"": ""Reliance Infra"", ""expenditure"": 1096000.0, ""share_pct"": 5.1}], ""target_vendor_share"": 52.7, ""explanation"": ""District exhibits high vendor concentration (HHI: 3482). Top contractor 'Sharma Contractors' commands 52.7% of total sanctioned expenditure.""}","{""score"": 17.1, ""photo_similarity_pct"": 17.1, ""text_similarity_pct"": 35.0, ""geo_distance_m"": 4500.0, ""geo_relationship"": ""Normal Proximity"", ""combined_confidence"": ""LOW"", ""explanation"": ""No duplicate works detected.""}","Multi-signal prioritization: elevated risk driven primarily by Price Anomaly (GeM Benchmark), Benford's Law Deviation, Vendor Concentration (HHI). Full evidence receipts available for human review.",2026-09-05 12:17:00.378069
39,39,36.0,LOW,2.2,0.3,35.8,0.2,100.0,0.15,71.3,0.15,10.1,0.2,"{""score"": 2.2, ""items_analyzed"": 2, ""avg_variance_pct"": 1.3, ""high_variance_items"": 0, ""evidence_table"": [{""item_name"": ""Steel (TMT Bar)"", ""reported_price"": 60320.0, ""gem_reference_price"": 58000.0, ""quantity"": 2.0, ""unit"": ""Metric Ton"", ""absolute_difference"": 2320.0, ""variance_pct"": 4.0, ""match_confidence"": 100.0, ""risk_badge"": ""Normal""}, {""item_name"": ""Computer (Desktop)"", ""reported_price"": 41650.0, ""gem_reference_price"": 42500.0, ""quantity"": 6.0, ""unit"": ""Each"", ""absolute_difference"": -850.0, ""variance_pct"": -2.0, ""match_confidence"": 100.0, ""risk_badge"": ""Normal""}], ""explanation"": ""Item prices are aligned with GeM market reference rates within acceptable tolerance.""}","{""score"": 35.8, ""observed_value"": 2313000.0, ""median"": 2090000.0, ""q1"": 1056000.0, ""q3"": 2808000.0, ""iqr"": 1752000.0, ""lower_bound"": 0.0, ""upper_bound"": 5436000.0, ""outlier_status"": ""WITHIN STATISTICAL BOUNDS"", ""outlier_level"": ""GREEN"", ""cohort_count"": 11, ""explanation"": ""Expenditure \u20b92,313,000 is within normal interquartile distribution range for District: Jaipur.""}","{""score"": 100.0, ""mad"": 0.0823, ""deviation_status"": ""STATISTICAL DEVIATION DETECTED"", ""distribution"": [{""digit"": 1, ""expected_pct"": 30.1, ""observed_pct"": 10.5, ""count"": 2}, {""digit"": 2, ""expected_pct"": 17.6, ""observed_pct"": 26.3, ""count"": 5}, {""digit"": 3, ""expected_pct"": 12.5, ""observed_pct"": 5.3, ""count"": 1}, {""digit"": 4, ""expected_pct"": 9.7, ""observed_pct"": 5.3, ""count"": 1}, {""digit"": 5, ""expected_pct"": 7.9, ""observed_pct"": 15.8, ""count"": 3}, {""digit"": 6, ""expected_pct"": 6.7, ""observed_pct"": 15.8, ""count"": 3}, {""digit"": 7, ""expected_pct"": 5.8, ""observed_pct"": 0.0, ""count"": 0}, {""digit"": 8, ""expected_pct"": 5.1, ""observed_pct"": 15.8, ""count"": 3}, {""digit"": 9, ""expected_pct"": 4.6, ""observed_pct"": 5.3, ""count"": 1}], ""explanation"": ""Significant first-digit frequency divergence detected (MAD=0.0823). Digits 3 and 4 appear abnormally frequent compared to expected logarithmic distribution.""}","{""score"": 71.3, ""hhi_score"": 3393, ""concentration_level"": ""HIGH VENDOR CONCENTRATION - INCREASED RISK"", ""vendor_shares"": [{""vendor_name"": ""Local Contractor Ltd."", ""expenditure"": 11218000.0, ""share_pct"": 48.5}, {""vendor_name"": ""Jaipur Lights Co."", ""expenditure"": 6477000.0, ""share_pct"": 28.0}, {""vendor_name"": ""Apex Civil Infra Ltd."", ""expenditure"": 3303000.0, ""share_pct"": 14.3}, {""vendor_name"": ""Singh Builders"", ""expenditure"": 1440000.0, ""share_pct"": 6.2}, {""vendor_name"": ""Sharma Contractors"", ""expenditure"": 672000.0, ""share_pct"": 2.9}], ""target_vendor_share"": 48.5, ""explanation"": ""District exhibits high vendor concentration (HHI: 3393). Top contractor 'Local Contractor Ltd.' commands 48.5% of total sanctioned expenditure.""}","{""score"": 10.1, ""photo_similarity_pct"": 10.1, ""text_similarity_pct"": 35.0, ""geo_distance_m"": 4500.0, ""geo_relationship"": ""Normal Proximity"", ""combined_confidence"": ""LOW"", ""explanation"": ""No duplicate works detected.""}","Multi-signal prioritization: elevated risk driven primarily by Benford's Law Deviation, Vendor Concentration (HHI). Full evidence receipts available for human review.",2026-09-05 12:17:00.378069
40,40,41.0,LOW,10.5,0.3,32.7,0.2,100.0,0.15,62.8,0.15,34.2,0.2,"{""score"": 10.5, ""items_analyzed"": 2, ""avg_variance_pct"": 6.3, ""high_variance_items"": 0, ""evidence_table"": [{""item_name"": ""Water Pump (5 HP)"", ""reported_price"": 25920.0, ""gem_reference_price"": 24000.0, ""quantity"": 14.0, ""unit"": ""Each"", ""absolute_difference"": 1920.0, ""variance_pct"": 8.0, ""match_confidence"": 100.0, ""risk_badge"": ""Normal""}, {""item_name"": ""Solar Panel (300W)"", ""reported_price"": 12928.0, ""gem_reference_price"": 12800.0, ""quantity"": 9.0, ""unit"": ""Each"", ""absolute_difference"": 128.0, ""variance_pct"": 1.0, ""match_confidence"": 100.0, ""risk_badge"": ""Normal""}], ""explanation"": ""Item prices are aligned with GeM market reference rates within acceptable tolerance.""}","{""score"": 32.7, ""observed_value"": 2520000.0, ""median"": 2234000.0, ""q1"": 1055750.0, ""q3"": 3913500.0, ""iqr"": 2857750.0, ""lower_bound"": 0.0, ""upper_bound"": 8200125.0, ""outlier_status"": ""WITHIN STATISTICAL BOUNDS"", ""outlier_level"": ""GREEN"", ""cohort_count"": 12, ""explanation"": ""Expenditure \u20b92,520,000 is within normal interquartile distribution range for District: Patna.""}","{""score"": 100.0, ""mad"": 0.0519, ""deviation_status"": ""STATISTICAL DEVIATION DETECTED"", ""distribution"": [{""digit"": 1, ""expected_pct"": 30.1, ""observed_pct"": 21.1, ""count"": 4}, {""digit"": 2, ""expected_pct"": 17.6, ""observed_pct"": 5.3, ""count"": 1}, {""digit"": 3, ""expected_pct"": 12.5, ""observed_pct"": 31.6, ""count"": 6}, {""digit"": 4, ""expected_pct"": 9.7, ""observed_pct"": 10.5, ""count"": 2}, {""digit"": 5, ""expected_pct"": 7.9, ""observed_pct"": 10.5, ""count"": 2}, {""digit"": 6, ""expected_pct"": 6.7, ""observed_pct"": 5.3, ""count"": 1}, {""digit"": 7, ""expected_pct"": 5.8, ""observed_pct"": 5.3, ""count"": 1}, {""digit"": 8, ""expected_pct"": 5.1, ""observed_pct"": 5.3, ""count"": 1}, {""digit"": 9, ""expected_pct"": 4.6, ""observed_pct"": 5.3, ""count"": 1}], ""explanation"": ""Significant first-digit frequency divergence detected (MAD=0.0519). Digits 3 and 4 appear abnormally frequent compared to expected logarithmic distribution.""}","{""score"": 62.8, ""hhi_score"": 2411, ""concentration_level"": ""MODERATE CONCENTRATION"", ""vendor_shares"": [{""vendor_name"": ""Singh Builders"", ""expenditure"": 10584000.0, ""share_pct"": 33.0}, {""vendor_name"": ""Apex Civil Infra Ltd."", ""expenditure"": 9615000.0, ""share_pct"": 29.9}, {""vendor_name"": ""Local Contractor Ltd."", ""expenditure"": 5227000.0, ""share_pct"": 16.3}, {""vendor_name"": ""Sharma Contractors"", ""expenditure"": 3039000.0, ""share_pct"": 9.5}, {""vendor_name"": ""Jaipur Lights Co."", ""expenditure"": 2520000.0, ""share_pct"": 7.8}, {""vendor_name"": ""Reliance Infra"", ""expenditure"": 1129000.0, ""share_pct"": 3.5}], ""target_vendor_share"": 7.8, ""explanation"": ""Moderate vendor concentration (HHI: 2411). Monitored for potential single-source trends.""}","{""score"": 34.2, ""photo_similarity_pct"": 34.2, ""text_similarity_pct"": 35.0, ""geo_distance_m"": 4500.0, ""geo_relationship"": ""Normal Proximity"", ""combined_confidence"": ""LOW"", ""explanation"": ""No duplicate works detected.""}","Multi-signal prioritization: elevated risk driven primarily by Benford's Law Deviation, Vendor Concentration (HHI). Full evidence receipts available for human review.",2026-09-05 12:17:00.378069
41,41,46.0,LOW,12.0,0.3,41.4,0.2,100.0,0.15,71.9,0.15,44.0,0.2,"{""score"": 12.0, ""items_analyzed"": 2, ""avg_variance_pct"": 7.2, ""high_variance_items"": 0, ""evidence_table"": [{""item_name"": ""RO Water Purifier Commercial"", ""reported_price"": 95200.0, ""gem_reference_price"": 85000.0, ""quantity"": 4.0, ""unit"": ""Each"", ""absolute_difference"": 10200.0, ""variance_pct"": 12.0, ""match_confidence"": 100.0, ""risk_badge"": ""Normal""}, {""item_name"": ""High Mast Light (12.5m)"", ""reported_price"": 192400.0, ""gem_reference_price"": 185000.0, ""quantity"": 3.0, ""unit"": ""Each"", ""absolute_difference"": 7400.0, ""variance_pct"": 4.0, ""match_confidence"": 100.0, ""risk_badge"": ""Normal""}], ""explanation"": ""Item prices are aligned with GeM market reference rates within acceptable tolerance.""}","{""score"": 41.4, ""observed_value"": 2429000.0, ""median"": 1979000.0, ""q1"": 928000.0, ""q3"": 2299500.0, ""iqr"": 1371500.0, ""lower_bound"": 0.0, ""upper_bound"": 4356750.0, ""outlier_status"": ""WITHIN STATISTICAL BOUNDS"", ""outlier_level"": ""GREEN"", ""cohort_count"": 11, ""explanation"": ""Expenditure \u20b92,429,000 is within normal interquartile distribution range for District: Banaskantha.""}","{""score"": 100.0, ""mad"": 0.096, ""deviation_status"": ""STATISTICAL DEVIATION DETECTED"", ""distribution"": [{""digit"": 1, ""expected_pct"": 30.1, ""observed_pct"": 5.3, ""count"": 1}, {""digit"": 2, ""expected_pct"": 17.6, ""observed_pct"": 10.5, ""count"": 2}, {""digit"": 3, ""expected_pct"": 12.5, ""observed_pct"": 21.1, ""count"": 4}, {""digit"": 4, ""expected_pct"": 9.7, ""observed_pct"": 21.1, ""count"": 4}, {""digit"": 5, ""expected_pct"": 7.9, ""observed_pct"": 21.1, ""count"": 4}, {""digit"": 6, ""expected_pct"": 6.7, ""observed_pct"": 0.0, ""count"": 0}, {""digit"": 7, ""expected_pct"": 5.8, ""observed_pct"": 10.5, ""count"": 2}, {""digit"": 8, ""expected_pct"": 5.1, ""observed_pct"": 10.5, ""count"": 2}, {""digit"": 9, ""expected_pct"": 4.6, ""observed_pct"": 0.0, ""count"": 0}], ""explanation"": ""Significant first-digit frequency divergence detected (MAD=0.0960). Digits 3 and 4 appear abnormally frequent compared to expected logarithmic distribution.""}","{""score"": 71.9, ""hhi_score"": 3482, ""concentration_level"": ""HIGH VENDOR CONCENTRATION - INCREASED RISK"", ""vendor_shares"": [{""vendor_name"": ""Sharma Contractors"", ""expenditure"": 11379000.0, ""share_pct"": 52.7}, {""vendor_name"": ""Apex Civil Infra Ltd."", ""expenditure"": 4149000.0, ""share_pct"": 19.2}, {""vendor_name"": ""Local Contractor Ltd."", ""expenditure"": 3470000.0, ""share_pct"": 16.1}, {""vendor_name"": ""Singh Builders"", ""expenditure"": 1487000.0, ""share_pct"": 6.9}, {""vendor_name"": ""Reliance Infra"", ""expenditure"": 1096000.0, ""share_pct"": 5.1}], ""target_vendor_share"": 52.7, ""explanation"": ""District exhibits high vendor concentration (HHI: 3482). Top contractor 'Sharma Contractors' commands 52.7% of total sanctioned expenditure.""}","{""score"": 44.0, ""photo_similarity_pct"": 44.0, ""text_similarity_pct"": 35.0, ""geo_distance_m"": 4500.0, ""geo_relationship"": ""Normal Proximity"", ""combined_confidence"": ""LOW"", ""explanation"": ""No duplicate works detected.""}","Multi-signal prioritization: elevated risk driven primarily by Benford's Law Deviation, Vendor Concentration (HHI). Full evidence receipts available for human review.",2026-09-05 12:17:00.393185
42,42,62.0,MEDIUM,89.4,0.3,24.4,0.2,100.0,0.15,62.8,0.15,31.7,0.2,"{""score"": 89.4, ""items_analyzed"": 2, ""avg_variance_pct"": 53.6, ""high_variance_items"": 2, ""evidence_table"": [{""item_name"": ""LED Street Light (100W)"", ""reported_price"": 17360.0, ""gem_reference_price"": 11200.0, ""quantity"": 8.0, ""unit"": ""Each"", ""absolute_difference"": 6160.0, ""variance_pct"": 55.0, ""match_confidence"": 100.0, ""risk_badge"": ""High""}, {""item_name"": ""Cement (Grade 53)"", ""reported_price"": 551.0, ""gem_reference_price"": 380.0, ""quantity"": 40.0, ""unit"": ""Bag (50kg)"", ""absolute_difference"": 171.0, ""variance_pct"": 45.0, ""match_confidence"": 100.0, ""risk_badge"": ""High""}], ""explanation"": ""2 item(s) exhibit price variances above GeM benchmark (+53.6% avg variance). Requires review for local transport, specifications, or tax variations.""}","{""score"": 24.4, ""observed_value"": 944000.0, ""median"": 2234000.0, ""q1"": 1055750.0, ""q3"": 3913500.0, ""iqr"": 2857750.0, ""lower_bound"": 0.0, ""upper_bound"": 8200125.0, ""outlier_status"": ""WITHIN STATISTICAL BOUNDS"", ""outlier_level"": ""GREEN"", ""cohort_count"": 12, ""explanation"": ""Expenditure \u20b9944,000 is within normal interquartile distribution range for District: Patna.""}","{""score"": 100.0, ""mad"": 0.0765, ""deviation_status"": ""STATISTICAL DEVIATION DETECTED"", ""distribution"": [{""digit"": 1, ""expected_pct"": 30.1, ""observed_pct"": 21.1, ""count"": 4}, {""digit"": 2, ""expected_pct"": 17.6, ""observed_pct"": 10.5, ""count"": 2}, {""digit"": 3, ""expected_pct"": 12.5, ""observed_pct"": 0.0, ""count"": 0}, {""digit"": 4, ""expected_pct"": 9.7, ""observed_pct"": 15.8, ""count"": 3}, {""digit"": 5, ""expected_pct"": 7.9, ""observed_pct"": 15.8, ""count"": 3}, {""digit"": 6, ""expected_pct"": 6.7, ""observed_pct"": 10.5, ""count"": 2}, {""digit"": 7, ""expected_pct"": 5.8, ""observed_pct"": 0.0, ""count"": 0}, {""digit"": 8, ""expected_pct"": 5.1, ""observed_pct"": 10.5, ""count"": 2}, {""digit"": 9, ""expected_pct"": 4.6, ""observed_pct"": 15.8, ""count"": 3}], ""explanation"": ""Significant first-digit frequency divergence detected (MAD=0.0765). Digits 3 and 4 appear abnormally frequent compared to expected logarithmic distribution.""}","{""score"": 62.8, ""hhi_score"": 2411, ""concentration_level"": ""MODERATE CONCENTRATION"", ""vendor_shares"": [{""vendor_name"": ""Singh Builders"", ""expenditure"": 10584000.0, ""share_pct"": 33.0}, {""vendor_name"": ""Apex Civil Infra Ltd."", ""expenditure"": 9615000.0, ""share_pct"": 29.9}, {""vendor_name"": ""Local Contractor Ltd."", ""expenditure"": 5227000.0, ""share_pct"": 16.3}, {""vendor_name"": ""Sharma Contractors"", ""expenditure"": 3039000.0, ""share_pct"": 9.5}, {""vendor_name"": ""Jaipur Lights Co."", ""expenditure"": 2520000.0, ""share_pct"": 7.8}, {""vendor_name"": ""Reliance Infra"", ""expenditure"": 1129000.0, ""share_pct"": 3.5}], ""target_vendor_share"": 33.0, ""explanation"": ""Moderate vendor concentration (HHI: 2411). Monitored for potential single-source trends.""}","{""score"": 31.7, ""photo_similarity_pct"": 31.7, ""text_similarity_pct"": 35.0, ""geo_distance_m"": 4500.0, ""geo_relationship"": ""Normal Proximity"", ""combined_confidence"": ""LOW"", ""explanation"": ""No duplicate works detected.""}","Multi-signal prioritization: elevated risk driven primarily by Price Anomaly (GeM Benchmark), Benford's Law Deviation, Vendor Concentration (HHI). Full evidence receipts available for human review.",2026-09-05 12:17:00.395624
43,43,34.0,LOW,0.0,0.3,25.2,0.2,100.0,0.15,62.8,0.15,24.4,0.2,"{""score"": 0.0, ""items_analyzed"": 2, ""avg_variance_pct"": 0.0, ""high_variance_items"": 0, ""evidence_table"": [{""item_name"": ""Steel (TMT Bar)"", ""reported_price"": 55680.0, ""gem_reference_price"": 58000.0, ""quantity"": 3.0, ""unit"": ""Metric Ton"", ""absolute_difference"": -2320.0, ""variance_pct"": -4.0, ""match_confidence"": 100.0, ""risk_badge"": ""Normal""}, {""item_name"": ""Computer (Desktop)"", ""reported_price"": 41650.0, ""gem_reference_price"": 42500.0, ""quantity"": 9.0, ""unit"": ""Each"", ""absolute_difference"": -850.0, ""variance_pct"": -2.0, ""match_confidence"": 100.0, ""risk_badge"": ""Normal""}], ""explanation"": ""Item prices are aligned with GeM market reference rates within acceptable tolerance.""}","{""score"": 25.2, ""observed_value"": 1093000.0, ""median"": 2234000.0, ""q1"": 1055750.0, ""q3"": 3913500.0, ""iqr"": 2857750.0, ""lower_bound"": 0.0, ""upper_bound"": 8200125.0, ""outlier_status"": ""WITHIN STATISTICAL BOUNDS"", ""outlier_level"": ""GREEN"", ""cohort_count"": 12, ""explanation"": ""Expenditure \u20b91,093,000 is within normal interquartile distribution range for District: Patna.""}","{""score"": 100.0, ""mad"": 0.0531, ""deviation_status"": ""STATISTICAL DEVIATION DETECTED"", ""distribution"": [{""digit"": 1, ""expected_pct"": 30.1, ""observed_pct"": 21.1, ""count"": 4}, {""digit"": 2, ""expected_pct"": 17.6, ""observed_pct"": 10.5, ""count"": 2}, {""digit"": 3, ""expected_pct"": 12.5, ""observed_pct"": 10.5, ""count"": 2}, {""digit"": 4, ""expected_pct"": 9.7, ""observed_pct"": 10.5, ""count"": 2}, {""digit"": 5, ""expected_pct"": 7.9, ""observed_pct"": 10.5, ""count"": 2}, {""digit"": 6, ""expected_pct"": 6.7, ""observed_pct"": 15.8, ""count"": 3}, {""digit"": 7, ""expected_pct"": 5.8, ""observed_pct"": 0.0, ""count"": 0}, {""digit"": 8, ""expected_pct"": 5.1, ""observed_pct"": 10.5, ""count"": 2}, {""digit"": 9, ""expected_pct"": 4.6, ""observed_pct"": 10.5, ""count"": 2}], ""explanation"": ""Significant first-digit frequency divergence detected (MAD=0.0531). Digits 3 and 4 appear abnormally frequent compared to expected logarithmic distribution.""}","{""score"": 62.8, ""hhi_score"": 2411, ""concentration_level"": ""MODERATE CONCENTRATION"", ""vendor_shares"": [{""vendor_name"": ""Singh Builders"", ""expenditure"": 10584000.0, ""share_pct"": 33.0}, {""vendor_name"": ""Apex Civil Infra Ltd."", ""expenditure"": 9615000.0, ""share_pct"": 29.9}, {""vendor_name"": ""Local Contractor Ltd."", ""expenditure"": 5227000.0, ""share_pct"": 16.3}, {""vendor_name"": ""Sharma Contractors"", ""expenditure"": 3039000.0, ""share_pct"": 9.5}, {""vendor_name"": ""Jaipur Lights Co."", ""expenditure"": 2520000.0, ""share_pct"": 7.8}, {""vendor_name"": ""Reliance Infra"", ""expenditure"": 1129000.0, ""share_pct"": 3.5}], ""target_vendor_share"": 16.3, ""explanation"": ""Moderate vendor concentration (HHI: 2411). Monitored for potential single-source trends.""}","{""score"": 24.4, ""photo_similarity_pct"": 24.4, ""text_similarity_pct"": 35.0, ""geo_distance_m"": 4500.0, ""geo_relationship"": ""Normal Proximity"", ""combined_confidence"": ""LOW"", ""explanation"": ""No duplicate works detected.""}","Multi-signal prioritization: elevated risk driven primarily by Benford's Law Deviation, Vendor Concentration (HHI). Full evidence receipts available for human review.",2026-09-05 12:17:00.402180
44,44,41.0,LOW,0.5,0.3,50.0,0.2,100.0,0.15,71.9,0.15,26.1,0.2,"{""score"": 0.5, ""items_analyzed"": 2, ""avg_variance_pct"": 0.3, ""high_variance_items"": 0, ""evidence_table"": [{""item_name"": ""Water Pump (5 HP)"", ""reported_price"": 24000.0, ""gem_reference_price"": 24000.0, ""quantity"": 14.0, ""unit"": ""Each"", ""absolute_difference"": 0.0, ""variance_pct"": 0.0, ""match_confidence"": 100.0, ""risk_badge"": ""Normal""}, {""item_name"": ""Solar Panel (300W)"", ""reported_price"": 12928.0, ""gem_reference_price"": 12800.0, ""quantity"": 12.0, ""unit"": ""Each"", ""absolute_difference"": 128.0, ""variance_pct"": 1.0, ""match_confidence"": 100.0, ""risk_badge"": ""Normal""}], ""explanation"": ""Item prices are aligned with GeM market reference rates within acceptable tolerance.""}","{""score"": 50.0, ""observed_value"": 3470000.0, ""median"": 1979000.0, ""q1"": 928000.0, ""q3"": 2299500.0, ""iqr"": 1371500.0, ""lower_bound"": 0.0, ""upper_bound"": 4356750.0, ""outlier_status"": ""WITHIN STATISTICAL BOUNDS"", ""outlier_level"": ""GREEN"", ""cohort_count"": 11, ""explanation"": ""Expenditure \u20b93,470,000 is within normal interquartile distribution range for District: Banaskantha.""}","{""score"": 100.0, ""mad"": 0.0577, ""deviation_status"": ""STATISTICAL DEVIATION DETECTED"", ""distribution"": [{""digit"": 1, ""expected_pct"": 30.1, ""observed_pct"": 15.8, ""count"": 3}, {""digit"": 2, ""expected_pct"": 17.6, ""observed_pct"": 10.5, ""count"": 2}, {""digit"": 3, ""expected_pct"": 12.5, ""observed_pct"": 15.8, ""count"": 3}, {""digit"": 4, ""expected_pct"": 9.7, ""observed_pct"": 10.5, ""count"": 2}, {""digit"": 5, ""expected_pct"": 7.9, ""observed_pct"": 15.8, ""count"": 3}, {""digit"": 6, ""expected_pct"": 6.7, ""observed_pct"": 10.5, ""count"": 2}, {""digit"": 7, ""expected_pct"": 5.8, ""observed_pct"": 15.8, ""count"": 3}, {""digit"": 8, ""expected_pct"": 5.1, ""observed_pct"": 5.3, ""count"": 1}, {""digit"": 9, ""expected_pct"": 4.6, ""observed_pct"": 0.0, ""count"": 0}], ""explanation"": ""Significant first-digit frequency divergence detected (MAD=0.0577). Digits 3 and 4 appear abnormally frequent compared to expected logarithmic distribution.""}","{""score"": 71.9, ""hhi_score"": 3482, ""concentration_level"": ""HIGH VENDOR CONCENTRATION - INCREASED RISK"", ""vendor_shares"": [{""vendor_name"": ""Sharma Contractors"", ""expenditure"": 11379000.0, ""share_pct"": 52.7}, {""vendor_name"": ""Apex Civil Infra Ltd."", ""expenditure"": 4149000.0, ""share_pct"": 19.2}, {""vendor_name"": ""Local Contractor Ltd."", ""expenditure"": 3470000.0, ""share_pct"": 16.1}, {""vendor_name"": ""Singh Builders"", ""expenditure"": 1487000.0, ""share_pct"": 6.9}, {""vendor_name"": ""Reliance Infra"", ""expenditure"": 1096000.0, ""share_pct"": 5.1}], ""target_vendor_share"": 16.1, ""explanation"": ""District exhibits high vendor concentration (HHI: 3482). Top contractor 'Sharma Contractors' commands 52.7% of total sanctioned expenditure.""}","{""score"": 26.1, ""photo_similarity_pct"": 26.1, ""text_similarity_pct"": 35.0, ""geo_distance_m"": 4500.0, ""geo_relationship"": ""Normal Proximity"", ""combined_confidence"": ""LOW"", ""explanation"": ""No duplicate works detected.""}","Multi-signal prioritization: elevated risk driven primarily by Benford's Law Deviation, Vendor Concentration (HHI). Full evidence receipts available for human review.",2026-09-05 12:17:00.402180
45,45,39.0,LOW,6.7,0.3,39.6,0.2,100.0,0.15,62.8,0.15,22.3,0.2,"{""score"": 6.7, ""items_analyzed"": 2, ""avg_variance_pct"": 4.0, ""high_variance_items"": 0, ""evidence_table"": [{""item_name"": ""RO Water Purifier Commercial"", ""reported_price"": 88400.0, ""gem_reference_price"": 85000.0, ""quantity"": 2.0, ""unit"": ""Each"", ""absolute_difference"": 3400.0, ""variance_pct"": 4.0, ""match_confidence"": 100.0, ""risk_badge"": ""Normal""}, {""item_name"": ""High Mast Light (12.5m)"", ""reported_price"": 192400.0, ""gem_reference_price"": 185000.0, ""quantity"": 3.0, ""unit"": ""Each"", ""absolute_difference"": 7400.0, ""variance_pct"": 4.0, ""match_confidence"": 100.0, ""risk_badge"": ""Normal""}], ""explanation"": ""Item prices are aligned with GeM market reference rates within acceptable tolerance.""}","{""score"": 39.6, ""observed_value"": 3840000.0, ""median"": 2234000.0, ""q1"": 1055750.0, ""q3"": 3913500.0, ""iqr"": 2857750.0, ""lower_bound"": 0.0, ""upper_bound"": 8200125.0, ""outlier_status"": ""WITHIN STATISTICAL BOUNDS"", ""outlier_level"": ""GREEN"", ""cohort_count"": 12, ""explanation"": ""Expenditure \u20b93,840,000 is within normal interquartile distribution range for District: Patna.""}","{""score"": 100.0, ""mad"": 0.0533, ""deviation_status"": ""STATISTICAL DEVIATION DETECTED"", ""distribution"": [{""digit"": 1, ""expected_pct"": 30.1, ""observed_pct"": 26.3, ""count"": 5}, {""digit"": 2, ""expected_pct"": 17.6, ""observed_pct"": 5.3, ""count"": 1}, {""digit"": 3, ""expected_pct"": 12.5, ""observed_pct"": 10.5, ""count"": 2}, {""digit"": 4, ""expected_pct"": 9.7, ""observed_pct"": 5.3, ""count"": 1}, {""digit"": 5, ""expected_pct"": 7.9, ""observed_pct"": 15.8, ""count"": 3}, {""digit"": 6, ""expected_pct"": 6.7, ""observed_pct"": 5.3, ""count"": 1}, {""digit"": 7, ""expected_pct"": 5.8, ""observed_pct"": 10.5, ""count"": 2}, {""digit"": 8, ""expected_pct"": 5.1, ""observed_pct"": 10.5, ""count"": 2}, {""digit"": 9, ""expected_pct"": 4.6, ""observed_pct"": 10.5, ""count"": 2}], ""explanation"": ""Significant first-digit frequency divergence detected (MAD=0.0533). Digits 3 and 4 appear abnormally frequent compared to expected logarithmic distribution.""}","{""score"": 62.8, ""hhi_score"": 2411, ""concentration_level"": ""MODERATE CONCENTRATION"", ""vendor_shares"": [{""vendor_name"": ""Singh Builders"", ""expenditure"": 10584000.0, ""share_pct"": 33.0}, {""vendor_name"": ""Apex Civil Infra Ltd."", ""expenditure"": 9615000.0, ""share_pct"": 29.9}, {""vendor_name"": ""Local Contractor Ltd."", ""expenditure"": 5227000.0, ""share_pct"": 16.3}, {""vendor_name"": ""Sharma Contractors"", ""expenditure"": 3039000.0, ""share_pct"": 9.5}, {""vendor_name"": ""Jaipur Lights Co."", ""expenditure"": 2520000.0, ""share_pct"": 7.8}, {""vendor_name"": ""Reliance Infra"", ""expenditure"": 1129000.0, ""share_pct"": 3.5}], ""target_vendor_share"": 33.0, ""explanation"": ""Moderate vendor concentration (HHI: 2411). Monitored for potential single-source trends.""}","{""score"": 22.3, ""photo_similarity_pct"": 22.3, ""text_similarity_pct"": 35.0, ""geo_distance_m"": 4500.0, ""geo_relationship"": ""Normal Proximity"", ""combined_confidence"": ""LOW"", ""explanation"": ""No duplicate works detected.""}","Multi-signal prioritization: elevated risk driven primarily by Benford's Law Deviation, Vendor Concentration (HHI). Full evidence receipts available for human review.",2026-09-05 12:17:00.411837
46,46,60.0,MEDIUM,89.4,0.3,22.8,0.2,100.0,0.15,71.9,0.15,13.8,0.2,"{""score"": 89.4, ""items_analyzed"": 2, ""avg_variance_pct"": 53.6, ""high_variance_items"": 2, ""evidence_table"": [{""item_name"": ""LED Street Light (100W)"", ""reported_price"": 17360.0, ""gem_reference_price"": 11200.0, ""quantity"": 8.0, ""unit"": ""Each"", ""absolute_difference"": 6160.0, ""variance_pct"": 55.0, ""match_confidence"": 100.0, ""risk_badge"": ""High""}, {""item_name"": ""Cement (Grade 53)"", ""reported_price"": 551.0, ""gem_reference_price"": 380.0, ""quantity"": 40.0, ""unit"": ""Bag (50kg)"", ""absolute_difference"": 171.0, ""variance_pct"": 45.0, ""match_confidence"": 100.0, ""risk_badge"": ""High""}], ""explanation"": ""2 item(s) exhibit price variances above GeM benchmark (+53.6% avg variance). Requires review for local transport, specifications, or tax variations.""}","{""score"": 22.8, ""observed_value"": 727000.0, ""median"": 1979000.0, ""q1"": 928000.0, ""q3"": 2299500.0, ""iqr"": 1371500.0, ""lower_bound"": 0.0, ""upper_bound"": 4356750.0, ""outlier_status"": ""WITHIN STATISTICAL BOUNDS"", ""outlier_level"": ""GREEN"", ""cohort_count"": 11, ""explanation"": ""Expenditure \u20b9727,000 is within normal interquartile distribution range for District: Banaskantha.""}","{""score"": 100.0, ""mad"": 0.0745, ""deviation_status"": ""STATISTICAL DEVIATION DETECTED"", ""distribution"": [{""digit"": 1, ""expected_pct"": 30.1, ""observed_pct"": 10.5, ""count"": 2}, {""digit"": 2, ""expected_pct"": 17.6, ""observed_pct"": 21.1, ""count"": 4}, {""digit"": 3, ""expected_pct"": 12.5, ""observed_pct"": 0.0, ""count"": 0}, {""digit"": 4, ""expected_pct"": 9.7, ""observed_pct"": 15.8, ""count"": 3}, {""digit"": 5, ""expected_pct"": 7.9, ""observed_pct"": 21.1, ""count"": 4}, {""digit"": 6, ""expected_pct"": 6.7, ""observed_pct"": 5.3, ""count"": 1}, {""digit"": 7, ""expected_pct"": 5.8, ""observed_pct"": 10.5, ""count"": 2}, {""digit"": 8, ""expected_pct"": 5.1, ""observed_pct"": 10.5, ""count"": 2}, {""digit"": 9, ""expected_pct"": 4.6, ""observed_pct"": 5.3, ""count"": 1}], ""explanation"": ""Significant first-digit frequency divergence detected (MAD=0.0745). Digits 3 and 4 appear abnormally frequent compared to expected logarithmic distribution.""}","{""score"": 71.9, ""hhi_score"": 3482, ""concentration_level"": ""HIGH VENDOR CONCENTRATION - INCREASED RISK"", ""vendor_shares"": [{""vendor_name"": ""Sharma Contractors"", ""expenditure"": 11379000.0, ""share_pct"": 52.7}, {""vendor_name"": ""Apex Civil Infra Ltd."", ""expenditure"": 4149000.0, ""share_pct"": 19.2}, {""vendor_name"": ""Local Contractor Ltd."", ""expenditure"": 3470000.0, ""share_pct"": 16.1}, {""vendor_name"": ""Singh Builders"", ""expenditure"": 1487000.0, ""share_pct"": 6.9}, {""vendor_name"": ""Reliance Infra"", ""expenditure"": 1096000.0, ""share_pct"": 5.1}], ""target_vendor_share"": 6.9, ""explanation"": ""District exhibits high vendor concentration (HHI: 3482). Top contractor 'Sharma Contractors' commands 52.7% of total sanctioned expenditure.""}","{""score"": 13.8, ""photo_similarity_pct"": 13.8, ""text_similarity_pct"": 35.0, ""geo_distance_m"": 4500.0, ""geo_relationship"": ""Normal Proximity"", ""combined_confidence"": ""LOW"", ""explanation"": ""No duplicate works detected.""}","Multi-signal prioritization: elevated risk driven primarily by Price Anomaly (GeM Benchmark), Benford's Law Deviation, Vendor Concentration (HHI). Full evidence receipts available for human review.",2026-09-05 12:17:00.411837
47,47,43.0,LOW,6.8,0.3,49.4,0.2,100.0,0.15,69.0,0.15,28.2,0.2,"{""score"": 6.8, ""items_analyzed"": 2, ""avg_variance_pct"": 4.1, ""high_variance_items"": 1, ""evidence_table"": [{""item_name"": ""Steel (TMT Bar)"", ""reported_price"": 64960.0, ""gem_reference_price"": 58000.0, ""quantity"": 4.0, ""unit"": ""Metric Ton"", ""absolute_difference"": 6960.0, ""variance_pct"": 12.0, ""match_confidence"": 100.0, ""risk_badge"": ""Normal""}, {""item_name"": ""Computer (Desktop)"", ""reported_price"": 41650.0, ""gem_reference_price"": 42500.0, ""quantity"": 12.0, ""unit"": ""Each"", ""absolute_difference"": -850.0, ""variance_pct"": -2.0, ""match_confidence"": 100.0, ""risk_badge"": ""Normal""}], ""explanation"": ""1 item(s) exhibit price variances above GeM benchmark (+4.1% avg variance). Requires review for local transport, specifications, or tax variations.""}","{""score"": 49.4, ""observed_value"": 2335000.0, ""median"": 1453500.0, ""q1"": 1042250.0, ""q3"": 1837000.0, ""iqr"": 794750.0, ""lower_bound"": 0.0, ""upper_bound"": 3029125.0, ""outlier_status"": ""WITHIN STATISTICAL BOUNDS"", ""outlier_level"": ""GREEN"", ""cohort_count"": 4, ""explanation"": ""Expenditure \u20b92,335,000 is within normal interquartile distribution range for District: Surat.""}","{""score"": 100.0, ""mad"": 0.0874, ""deviation_status"": ""STATISTICAL DEVIATION DETECTED"", ""distribution"": [{""digit"": 1, ""expected_pct"": 30.1, ""observed_pct"": 5.3, ""count"": 1}, {""digit"": 2, ""expected_pct"": 17.6, ""observed_pct"": 21.1, ""count"": 4}, {""digit"": 3, ""expected_pct"": 12.5, ""observed_pct"": 10.5, ""count"": 2}, {""digit"": 4, ""expected_pct"": 9.7, ""observed_pct"": 10.5, ""count"": 2}, {""digit"": 5, ""expected_pct"": 7.9, ""observed_pct"": 10.5, ""count"": 2}, {""digit"": 6, ""expected_pct"": 6.7, ""observed_pct"": 0.0, ""count"": 0}, {""digit"": 7, ""expected_pct"": 5.8, ""observed_pct"": 0.0, ""count"": 0}, {""digit"": 8, ""expected_pct"": 5.1, ""observed_pct"": 26.3, ""count"": 5}, {""digit"": 9, ""expected_pct"": 4.6, ""observed_pct"": 15.8, ""count"": 3}], ""explanation"": ""Significant first-digit frequency divergence detected (MAD=0.0874). Digits 3 and 4 appear abnormally frequent compared to expected logarithmic distribution.""}","{""score"": 69.0, ""hhi_score"": 3070, ""concentration_level"": ""HIGH VENDOR CONCENTRATION - INCREASED RISK"", ""vendor_shares"": [{""vendor_name"": ""Reliance Infra"", ""expenditure"": 2335000.0, ""share_pct"": 40.9}, {""vendor_name"": ""Local Contractor Ltd."", ""expenditure"": 1671000.0, ""share_pct"": 29.3}, {""vendor_name"": ""Singh Builders"", ""expenditure"": 1236000.0, ""share_pct"": 21.7}, {""vendor_name"": ""Sharma Contractors"", ""expenditure"": 461000.0, ""share_pct"": 8.1}], ""target_vendor_share"": 40.9, ""explanation"": ""District exhibits high vendor concentration (HHI: 3070). Top contractor 'Reliance Infra' commands 40.9% of total sanctioned expenditure.""}","{""score"": 28.2, ""photo_similarity_pct"": 28.2, ""text_similarity_pct"": 35.0, ""geo_distance_m"": 4500.0, ""geo_relationship"": ""Normal Proximity"", ""combined_confidence"": ""LOW"", ""explanation"": ""No duplicate works detected.""}","Multi-signal prioritization: elevated risk driven primarily by Benford's Law Deviation, Vendor Concentration (HHI). Full evidence receipts available for human review.",2026-09-05 12:17:00.411837
48,48,39.0,LOW,0.3,0.3,23.2,0.2,100.0,0.15,71.9,0.15,41.5,0.2,"{""score"": 0.3, ""items_analyzed"": 2, ""avg_variance_pct"": 0.2, ""high_variance_items"": 0, ""evidence_table"": [{""item_name"": ""Water Pump (5 HP)"", ""reported_price"": 22080.0, ""gem_reference_price"": 24000.0, ""quantity"": 14.0, ""unit"": ""Each"", ""absolute_difference"": -1920.0, ""variance_pct"": -8.0, ""match_confidence"": 100.0, ""risk_badge"": ""Normal""}, {""item_name"": ""Solar Panel (300W)"", ""reported_price"": 12928.0, ""gem_reference_price"": 12800.0, ""quantity"": 6.0, ""unit"": ""Each"", ""absolute_difference"": 128.0, ""variance_pct"": 1.0, ""match_confidence"": 100.0, ""risk_badge"": ""Normal""}], ""explanation"": ""Item prices are aligned with GeM market reference rates within acceptable tolerance.""}","{""score"": 23.2, ""observed_value"": 760000.0, ""median"": 1979000.0, ""q1"": 928000.0, ""q3"": 2299500.0, ""iqr"": 1371500.0, ""lower_bound"": 0.0, ""upper_bound"": 4356750.0, ""outlier_status"": ""WITHIN STATISTICAL BOUNDS"", ""outlier_level"": ""GREEN"", ""cohort_count"": 11, ""explanation"": ""Expenditure \u20b9760,000 is within normal interquartile distribution range for District: Banaskantha.""}","{""score"": 100.0, ""mad"": 0.1042, ""deviation_status"": ""STATISTICAL DEVIATION DETECTED"", ""distribution"": [{""digit"": 1, ""expected_pct"": 30.1, ""observed_pct"": 5.3, ""count"": 1}, {""digit"": 2, ""expected_pct"": 17.6, ""observed_pct"": 0.0, ""count"": 0}, {""digit"": 3, ""expected_pct"": 12.5, ""observed_pct"": 21.1, ""count"": 4}, {""digit"": 4, ""expected_pct"": 9.7, ""observed_pct"": 5.3, ""count"": 1}, {""digit"": 5, ""expected_pct"": 7.9, ""observed_pct"": 21.1, ""count"": 4}, {""digit"": 6, ""expected_pct"": 6.7, ""observed_pct"": 10.5, ""count"": 2}, {""digit"": 7, ""expected_pct"": 5.8, ""observed_pct"": 21.1, ""count"": 4}, {""digit"": 8, ""expected_pct"": 5.1, ""observed_pct"": 10.5, ""count"": 2}, {""digit"": 9, ""expected_pct"": 4.6, ""observed_pct"": 5.3, ""count"": 1}], ""explanation"": ""Significant first-digit frequency divergence detected (MAD=0.1042). Digits 3 and 4 appear abnormally frequent compared to expected logarithmic distribution.""}","{""score"": 71.9, ""hhi_score"": 3482, ""concentration_level"": ""HIGH VENDOR CONCENTRATION - INCREASED RISK"", ""vendor_shares"": [{""vendor_name"": ""Sharma Contractors"", ""expenditure"": 11379000.0, ""share_pct"": 52.7}, {""vendor_name"": ""Apex Civil Infra Ltd."", ""expenditure"": 4149000.0, ""share_pct"": 19.2}, {""vendor_name"": ""Local Contractor Ltd."", ""expenditure"": 3470000.0, ""share_pct"": 16.1}, {""vendor_name"": ""Singh Builders"", ""expenditure"": 1487000.0, ""share_pct"": 6.9}, {""vendor_name"": ""Reliance Infra"", ""expenditure"": 1096000.0, ""share_pct"": 5.1}], ""target_vendor_share"": 6.9, ""explanation"": ""District exhibits high vendor concentration (HHI: 3482). Top contractor 'Sharma Contractors' commands 52.7% of total sanctioned expenditure.""}","{""score"": 41.5, ""photo_similarity_pct"": 41.5, ""text_similarity_pct"": 35.0, ""geo_distance_m"": 4500.0, ""geo_relationship"": ""Normal Proximity"", ""combined_confidence"": ""LOW"", ""explanation"": ""No duplicate works detected.""}","Multi-signal prioritization: elevated risk driven primarily by Benford's Law Deviation, Vendor Concentration (HHI). Full evidence receipts available for human review.",2026-09-05 12:17:00.427641
49,49,44.0,LOW,4.7,0.3,50.0,0.2,100.0,0.15,71.9,0.15,36.2,0.2,"{""score"": 4.7, ""items_analyzed"": 2, ""avg_variance_pct"": 2.8, ""high_variance_items"": 0, ""evidence_table"": [{""item_name"": ""RO Water Purifier Commercial"", ""reported_price"": 81600.0, ""gem_reference_price"": 85000.0, ""quantity"": 3.0, ""unit"": ""Each"", ""absolute_difference"": -3400.0, ""variance_pct"": -4.0, ""match_confidence"": 100.0, ""risk_badge"": ""Normal""}, {""item_name"": ""High Mast Light (12.5m)"", ""reported_price"": 192400.0, ""gem_reference_price"": 185000.0, ""quantity"": 3.0, ""unit"": ""Each"", ""absolute_difference"": 7400.0, ""variance_pct"": 4.0, ""match_confidence"": 100.0, ""risk_badge"": ""Normal""}], ""explanation"": ""Item prices are aligned with GeM market reference rates within acceptable tolerance.""}","{""score"": 50.0, ""observed_value"": 4286000.0, ""median"": 1979000.0, ""q1"": 928000.0, ""q3"": 2299500.0, ""iqr"": 1371500.0, ""lower_bound"": 0.0, ""upper_bound"": 4356750.0, ""outlier_status"": ""WITHIN STATISTICAL BOUNDS"", ""outlier_level"": ""GREEN"", ""cohort_count"": 11, ""explanation"": ""Expenditure \u20b94,286,000 is within normal interquartile distribution range for District: Banaskantha.""}","{""score"": 100.0, ""mad"": 0.0862, ""deviation_status"": ""STATISTICAL DEVIATION DETECTED"", ""distribution"": [{""digit"": 1, ""expected_pct"": 30.1, ""observed_pct"": 0.0, ""count"": 0}, {""digit"": 2, ""expected_pct"": 17.6, ""observed_pct"": 21.1, ""count"": 4}, {""digit"": 3, ""expected_pct"": 12.5, ""observed_pct"": 5.3, ""count"": 1}, {""digit"": 4, ""expected_pct"": 9.7, ""observed_pct"": 21.1, ""count"": 4}, {""digit"": 5, ""expected_pct"": 7.9, ""observed_pct"": 10.5, ""count"": 2}, {""digit"": 6, ""expected_pct"": 6.7, ""observed_pct"": 5.3, ""count"": 1}, {""digit"": 7, ""expected_pct"": 5.8, ""observed_pct"": 10.5, ""count"": 2}, {""digit"": 8, ""expected_pct"": 5.1, ""observed_pct"": 10.5, ""count"": 2}, {""digit"": 9, ""expected_pct"": 4.6, ""observed_pct"": 15.8, ""count"": 3}], ""explanation"": ""Significant first-digit frequency divergence detected (MAD=0.0862). Digits 3 and 4 appear abnormally frequent compared to expected logarithmic distribution.""}","{""score"": 71.9, ""hhi_score"": 3482, ""concentration_level"": ""HIGH VENDOR CONCENTRATION - INCREASED RISK"", ""vendor_shares"": [{""vendor_name"": ""Sharma Contractors"", ""expenditure"": 11379000.0, ""share_pct"": 52.7}, {""vendor_name"": ""Apex Civil Infra Ltd."", ""expenditure"": 4149000.0, ""share_pct"": 19.2}, {""vendor_name"": ""Local Contractor Ltd."", ""expenditure"": 3470000.0, ""share_pct"": 16.1}, {""vendor_name"": ""Singh Builders"", ""expenditure"": 1487000.0, ""share_pct"": 6.9}, {""vendor_name"": ""Reliance Infra"", ""expenditure"": 1096000.0, ""share_pct"": 5.1}], ""target_vendor_share"": 52.7, ""explanation"": ""District exhibits high vendor concentration (HHI: 3482). Top contractor 'Sharma Contractors' commands 52.7% of total sanctioned expenditure.""}","{""score"": 36.2, ""photo_similarity_pct"": 36.2, ""text_similarity_pct"": 35.0, ""geo_distance_m"": 4500.0, ""geo_relationship"": ""Normal Proximity"", ""combined_confidence"": ""LOW"", ""explanation"": ""No duplicate works detected.""}","Multi-signal prioritization: elevated risk driven primarily by Benford's Law Deviation, Vendor Concentration (HHI). Full evidence receipts available for human review.",2026-09-05 12:17:00.427641
50,50,60.0,MEDIUM,89.4,0.3,14.0,0.2,100.0,0.15,69.0,0.15,26.3,0.2,"{""score"": 89.4, ""items_analyzed"": 2, ""avg_variance_pct"": 53.6, ""high_variance_items"": 2, ""evidence_table"": [{""item_name"": ""LED Street Light (100W)"", ""reported_price"": 17360.0, ""gem_reference_price"": 11200.0, ""quantity"": 8.0, ""unit"": ""Each"", ""absolute_difference"": 6160.0, ""variance_pct"": 55.0, ""match_confidence"": 100.0, ""risk_badge"": ""High""}, {""item_name"": ""Cement (Grade 53)"", ""reported_price"": 551.0, ""gem_reference_price"": 380.0, ""quantity"": 40.0, ""unit"": ""Bag (50kg)"", ""absolute_difference"": 171.0, ""variance_pct"": 45.0, ""match_confidence"": 100.0, ""risk_badge"": ""High""}], ""explanation"": ""2 item(s) exhibit price variances above GeM benchmark (+53.6% avg variance). Requires review for local transport, specifications, or tax variations.""}","{""score"": 14.0, ""observed_value"": 461000.0, ""median"": 1453500.0, ""q1"": 1042250.0, ""q3"": 1837000.0, ""iqr"": 794750.0, ""lower_bound"": 0.0, ""upper_bound"": 3029125.0, ""outlier_status"": ""WITHIN STATISTICAL BOUNDS"", ""outlier_level"": ""GREEN"", ""cohort_count"": 4, ""explanation"": ""Expenditure \u20b9461,000 is within normal interquartile distribution range for District: Surat.""}","{""score"": 100.0, ""mad"": 0.0902, ""deviation_status"": ""STATISTICAL DEVIATION DETECTED"", ""distribution"": [{""digit"": 1, ""expected_pct"": 30.1, ""observed_pct"": 10.5, ""count"": 2}, {""digit"": 2, ""expected_pct"": 17.6, ""observed_pct"": 5.3, ""count"": 1}, {""digit"": 3, ""expected_pct"": 12.5, ""observed_pct"": 5.3, ""count"": 1}, {""digit"": 4, ""expected_pct"": 9.7, ""observed_pct"": 21.1, ""count"": 4}, {""digit"": 5, ""expected_pct"": 7.9, ""observed_pct"": 10.5, ""count"": 2}, {""digit"": 6, ""expected_pct"": 6.7, ""observed_pct"": 5.3, ""count"": 1}, {""digit"": 7, ""expected_pct"": 5.8, ""observed_pct"": 15.8, ""count"": 3}, {""digit"": 8, ""expected_pct"": 5.1, ""observed_pct"": 21.1, ""count"": 4}, {""digit"": 9, ""expected_pct"": 4.6, ""observed_pct"": 5.3, ""count"": 1}], ""explanation"": ""Significant first-digit frequency divergence detected (MAD=0.0902). Digits 3 and 4 appear abnormally frequent compared to expected logarithmic distribution.""}","{""score"": 69.0, ""hhi_score"": 3070, ""concentration_level"": ""HIGH VENDOR CONCENTRATION - INCREASED RISK"", ""vendor_shares"": [{""vendor_name"": ""Reliance Infra"", ""expenditure"": 2335000.0, ""share_pct"": 40.9}, {""vendor_name"": ""Local Contractor Ltd."", ""expenditure"": 1671000.0, ""share_pct"": 29.3}, {""vendor_name"": ""Singh Builders"", ""expenditure"": 1236000.0, ""share_pct"": 21.7}, {""vendor_name"": ""Sharma Contractors"", ""expenditure"": 461000.0, ""share_pct"": 8.1}], ""target_vendor_share"": 8.1, ""explanation"": ""District exhibits high vendor concentration (HHI: 3070). Top contractor 'Reliance Infra' commands 40.9% of total sanctioned expenditure.""}","{""score"": 26.3, ""photo_similarity_pct"": 26.3, ""text_similarity_pct"": 35.0, ""geo_distance_m"": 4500.0, ""geo_relationship"": ""Normal Proximity"", ""combined_confidence"": ""LOW"", ""explanation"": ""No duplicate works detected.""}","Multi-signal prioritization: elevated risk driven primarily by Price Anomaly (GeM Benchmark), Benford's Law Deviation, Vendor Concentration (HHI). Full evidence receipts available for human review.",2026-09-05 12:17:00.427641
51,51,39.0,LOW,2.2,0.3,48.0,0.2,100.0,0.15,71.3,0.15,13.3,0.2,"{""score"": 2.2, ""items_analyzed"": 2, ""avg_variance_pct"": 1.3, ""high_variance_items"": 0, ""evidence_table"": [{""item_name"": ""Steel (TMT Bar)"", ""reported_price"": 60320.0, ""gem_reference_price"": 58000.0, ""quantity"": 2.0, ""unit"": ""Metric Ton"", ""absolute_difference"": 2320.0, ""variance_pct"": 4.0, ""match_confidence"": 100.0, ""risk_badge"": ""Normal""}, {""item_name"": ""Computer (Desktop)"", ""reported_price"": 41650.0, ""gem_reference_price"": 42500.0, ""quantity"": 6.0, ""unit"": ""Each"", ""absolute_difference"": -850.0, ""variance_pct"": -2.0, ""match_confidence"": 100.0, ""risk_badge"": ""Normal""}], ""explanation"": ""Item prices are aligned with GeM market reference rates within acceptable tolerance.""}","{""score"": 48.0, ""observed_value"": 3738000.0, ""median"": 2090000.0, ""q1"": 1056000.0, ""q3"": 2808000.0, ""iqr"": 1752000.0, ""lower_bound"": 0.0, ""upper_bound"": 5436000.0, ""outlier_status"": ""WITHIN STATISTICAL BOUNDS"", ""outlier_level"": ""GREEN"", ""cohort_count"": 11, ""explanation"": ""Expenditure \u20b93,738,000 is within normal interquartile distribution range for District: Jaipur.""}","{""score"": 100.0, ""mad"": 0.0446, ""deviation_status"": ""STATISTICAL DEVIATION DETECTED"", ""distribution"": [{""digit"": 1, ""expected_pct"": 30.1, ""observed_pct"": 21.1, ""count"": 4}, {""digit"": 2, ""expected_pct"": 17.6, ""observed_pct"": 10.5, ""count"": 2}, {""digit"": 3, ""expected_pct"": 12.5, ""observed_pct"": 10.5, ""count"": 2}, {""digit"": 4, ""expected_pct"": 9.7, ""observed_pct"": 15.8, ""count"": 3}, {""digit"": 5, ""expected_pct"": 7.9, ""observed_pct"": 10.5, ""count"": 2}, {""digit"": 6, ""expected_pct"": 6.7, ""observed_pct"": 5.3, ""count"": 1}, {""digit"": 7, ""expected_pct"": 5.8, ""observed_pct"": 5.3, ""count"": 1}, {""digit"": 8, ""expected_pct"": 5.1, ""observed_pct"": 5.3, ""count"": 1}, {""digit"": 9, ""expected_pct"": 4.6, ""observed_pct"": 15.8, ""count"": 3}], ""explanation"": ""Significant first-digit frequency divergence detected (MAD=0.0446). Digits 3 and 4 appear abnormally frequent compared to expected logarithmic distribution.""}","{""score"": 71.3, ""hhi_score"": 3393, ""concentration_level"": ""HIGH VENDOR CONCENTRATION - INCREASED RISK"", ""vendor_shares"": [{""vendor_name"": ""Local Contractor Ltd."", ""expenditure"": 11218000.0, ""share_pct"": 48.5}, {""vendor_name"": ""Jaipur Lights Co."", ""expenditure"": 6477000.0, ""share_pct"": 28.0}, {""vendor_name"": ""Apex Civil Infra Ltd."", ""expenditure"": 3303000.0, ""share_pct"": 14.3}, {""vendor_name"": ""Singh Builders"", ""expenditure"": 1440000.0, ""share_pct"": 6.2}, {""vendor_name"": ""Sharma Contractors"", ""expenditure"": 672000.0, ""share_pct"": 2.9}], ""target_vendor_share"": 48.5, ""explanation"": ""District exhibits high vendor concentration (HHI: 3393). Top contractor 'Local Contractor Ltd.' commands 48.5% of total sanctioned expenditure.""}","{""score"": 13.3, ""photo_similarity_pct"": 13.3, ""text_similarity_pct"": 35.0, ""geo_distance_m"": 4500.0, ""geo_relationship"": ""Normal Proximity"", ""combined_confidence"": ""LOW"", ""explanation"": ""No duplicate works detected.""}","Multi-signal prioritization: elevated risk driven primarily by Benford's Law Deviation, Vendor Concentration (HHI). Full evidence receipts available for human review.",2026-09-05 12:17:00.444586
